{
  "schema_version": 1,
  "kind": "interval_witness",
  "name": "girth5_snarks_n22_0009",
  "graph": {
    "n": 22,
    "m": 33
  },
  "krawczyk": {
    "certified": true,
    "radius": 1e-05,
    "dps": 50,
    "F_residual_at_center": 2.6727647100921956e-51,
    "max_overshoot": 0.0,
    "n_free_vars": 91
  },
  "candidate_center": [
    -0.9716815492259425,
    0.13409252695111173,
    -0.1945614584385554,
    0.6817254614270245,
    0.1837558905213113,
    -0.7081554687643317,
    0.2899560877989179,
    -0.31784841747242304,
    0.9027169272028871,
    0.4771926590641109,
    -0.5348127582850755,
    -0.6973252323778573,
    -0.9343779460868235,
    0.31593415076396636,
    -0.1646920345603289,
    0.4571852870227126,
    0.2188786075211091,
    0.8620172669381863,
    0.3556983522175566,
    0.8930742109876986,
    0.2754943482150126,
    -0.647027236479762,
    -0.4839227515495705,
    0.5892151778306927,
    0.2913288842622054,
    -0.40915145943812814,
    -0.8647095260457053,
    0.6577145368052755,
    -0.029772731598801155,
    -0.7526786648551742,
    -0.8663856525430701,
    0.48664667594511163,
    -0.11203086119053113,
    0.2086711157377946,
    -0.4568739443463105,
    0.8647095260457053,
    0.03349464126140262,
    -0.8449081286477348,
    0.5338617453533758,
    -0.8642024717424751,
    0.4925130004401862,
    -0.10288358582204285,
    0.8307078304810724,
    0.35239512820754865,
    -0.430978159531333,
    0.92369064576131,
    0.1977613323844053,
    0.3281555215848104,
    -0.7521197921298673,
    0.6216608697342183,
    0.21875461441492014,
    -0.1715708536314426,
    -0.8194222021186236,
    -0.5469101359997305,
    -0.18172546142702456,
    0.6822695132631273,
    0.7081554687643317,
    -0.0785880383512051,
    -0.9740559979417669,
    0.21222354511641284,
    0.26031349977822965,
    0.29178648467863955,
    -0.9203790138807445,
    0.5742463839435572,
    -0.17466458296776316,
    -0.7998333413808442,
    -0.9571852870227125,
    -0.28947376115738815,
    0.0011260144948966827,
    0.3829389030791554,
    0.4641383441251513,
    0.7987073268859475,
    0.5,
    -0.07059515363627906,
    0.8631432814330829,
    0.5,
    0.07059515363627906,
    -0.8631432814330829,
    -0.3284291463685574,
    0.8900173557549026,
    -0.31623314543335235,
    -0.643252402857385,
    -0.7559248288037909,
    0.12167168699479697,
    0.8328910112816675,
    0.35826145270262316,
    -0.4218308841628447,
    -0.276663409281548,
    0.2861614191651652,
    -0.9173706994155031,
    1.7320508075688772
  ],
  "free_vars": [
    "x_3_0",
    "x_3_1",
    "x_3_2",
    "x_4_0",
    "x_4_1",
    "x_4_2",
    "x_5_0",
    "x_5_1",
    "x_5_2",
    "x_6_0",
    "x_6_1",
    "x_6_2",
    "x_7_0",
    "x_7_1",
    "x_7_2",
    "x_8_0",
    "x_8_1",
    "x_8_2",
    "x_9_0",
    "x_9_1",
    "x_9_2",
    "x_10_0",
    "x_10_1",
    "x_10_2",
    "x_11_0",
    "x_11_1",
    "x_11_2",
    "x_12_0",
    "x_12_1",
    "x_12_2",
    "x_13_0",
    "x_13_1",
    "x_13_2",
    "x_14_0",
    "x_14_1",
    "x_14_2",
    "x_15_0",
    "x_15_1",
    "x_15_2",
    "x_16_0",
    "x_16_1",
    "x_16_2",
    "x_17_0",
    "x_17_1",
    "x_17_2",
    "x_18_0",
    "x_18_1",
    "x_18_2",
    "x_19_0",
    "x_19_1",
    "x_19_2",
    "x_20_0",
    "x_20_1",
    "x_20_2",
    "x_21_0",
    "x_21_1",
    "x_21_2",
    "x_22_0",
    "x_22_1",
    "x_22_2",
    "x_23_0",
    "x_23_1",
    "x_23_2",
    "x_24_0",
    "x_24_1",
    "x_24_2",
    "x_25_0",
    "x_25_1",
    "x_25_2",
    "x_26_0",
    "x_26_1",
    "x_26_2",
    "x_27_0",
    "x_27_1",
    "x_27_2",
    "x_28_0",
    "x_28_1",
    "x_28_2",
    "x_29_0",
    "x_29_1",
    "x_29_2",
    "x_30_0",
    "x_30_1",
    "x_30_2",
    "x_31_0",
    "x_31_1",
    "x_31_2",
    "x_32_0",
    "x_32_1",
    "x_32_2",
    "s"
  ],
  "K_box": [
    [
      -0.971681551075744,
      -0.9716815473761408
    ],
    [
      0.13409251217081028,
      0.1340925417314132
    ],
    [
      -0.19456146161007323,
      -0.19456145526703755
    ],
    [
      0.6817254583265158,
      0.6817254645275332
    ],
    [
      0.1837558885179773,
      0.18375589252464528
    ],
    [
      -0.7081554711933924,
      -0.7081554663352708
    ],
    [
      0.2899560833243415,
      0.2899560922734943
    ],
    [
      -0.3178484314319406,
      -0.31784840351290544
    ],
    [
      0.902716923222023,
      0.902716931183751
    ],
    [
      0.47719265394203964,
      0.4771926641861821
    ],
    [
      -0.5348127616525301,
      -0.5348127549176206
    ],
    [
      -0.6973252374711733,
      -0.6973252272845412
    ],
    [
      -0.9343779507621827,
      -0.9343779414114641
    ],
    [
      0.3159341373020386,
      0.315934164225894
    ],
    [
      -0.16469203730467852,
      -0.16469203181597927
    ],
    [
      0.4571852855451997,
      0.45718528850022544
    ],
    [
      0.21887859277330363,
      0.21887862226891452
    ],
    [
      0.8620172632556274,
      0.8620172706207448
    ],
    [
      0.3556983458034553,
      0.3556983586316579
    ],
    [
      0.8930742065822725,
      0.8930742153931246
    ],
    [
      0.2754943424603623,
      0.2754943539696628
    ],
    [
      -0.6470272443671414,
      -0.6470272285923824
    ],
    [
      -0.4839227559640483,
      -0.48392274713509253
    ],
    [
      0.5892151721374911,
      0.5892151835238942
    ],
    [
      0.29132888064316437,
      0.29132888788124633
    ],
    [
      -0.40915146211991754,
      -0.4091514567563387
    ],
    [
      -0.8647095266243305,
      -0.8647095254670799
    ],
    [
      0.6577145337185287,
      0.6577145398920222
    ],
    [
      -0.02977273542785349,
      -0.029772727769748816
    ],
    [
      -0.7526786675268937,
      -0.7526786621834545
    ],
    [
      -0.8663856542975508,
      -0.8663856507885893
    ],
    [
      0.48664667289679864,
      0.4866466789934246
    ],
    [
      -0.11203086402447132,
      -0.11203085835659092
    ],
    [
      0.2086711121187536,
      0.20867111935683558
    ],
    [
      -0.4568739470374014,
      -0.45687394165521955
    ],
    [
      0.8647095254670799,
      0.8647095266243305
    ],
    [
      0.033494638178269524,
      0.03349464434453571
    ],
    [
      -0.844908130265179,
      -0.8449081270302906
    ],
    [
      0.5338617431802637,
      0.5338617475264879
    ],
    [
      -0.8642024745193065,
      -0.8642024689656436
    ],
    [
      0.4925129940623499,
      0.4925130068180225
    ],
    [
      -0.10288359046189735,
      -0.10288358118218834
    ],
    [
      0.8307078290529408,
      0.830707831909204
    ],
    [
      0.35239512103406134,
      0.3523951353810359
    ],
    [
      -0.4309781656342464,
      -0.4309781534284195
    ],
    [
      0.9236906428167376,
      0.9236906487058822
    ],
    [
      0.19776131687352347,
      0.1977613478952871
    ],
    [
      0.3281555178079584,
      0.32815552536166237
    ],
    [
      -0.7521198004391954,
      -0.7521197838205393
    ],
    [
      0.6216608626112314,
      0.621660876857205
    ],
    [
      0.2187546066839486,
      0.21875462214589167
    ],
    [
      -0.1715708648519977,
      -0.17157084241088744
    ],
    [
      -0.8194222106957504,
      -0.8194221935414966
    ],
    [
      -0.5469101454102931,
      -0.5469101265891677
    ],
    [
      -0.18172546452753327,
      -0.18172545832651582
    ],
    [
      0.6822695112733966,
      0.682269515252858
    ],
    [
      0.7081554663352708,
      0.7081554711933924
    ],
    [
      -0.07858804658130508,
      -0.07858803012110513
    ],
    [
      -0.9740559988508484,
      -0.9740559970326853
    ],
    [
      0.21222354283198525,
      0.2122235474008404
    ],
    [
      0.2603134891583444,
      0.2603135103981149
    ],
    [
      0.2917864821284823,
      0.29178648722879674
    ],
    [
      -0.9203790169653568,
      -0.920379010796132
    ],
    [
      0.5742463813253614,
