{
  "schema_version": 1,
  "kind": "interval_witness",
  "name": "girth5_snarks_n22_0046",
  "graph": {
    "n": 22,
    "m": 33
  },
  "krawczyk": {
    "certified": true,
    "radius": 1e-05,
    "dps": 50,
    "F_residual_at_center": 2.6727647100921956e-51,
    "max_overshoot": 0.0,
    "n_free_vars": 91
  },
  "candidate_center": [
    -0.8944271909999159,
    0.41777457946839347,
    -0.15957568972123232,
    0.5854101966249684,
    -0.23936353458184847,
    -0.7745966692414834,
    0.30901699437494745,
    -0.17841104488654497,
    0.9341723589627157,
    0.8306886792158457,
    -0.52008851045908,
    0.1986561338370634,
    -0.8090169943749475,
    -0.46708617948135783,
    -0.35682208977308993,
    -0.02167168484089824,
    0.9871746899404379,
    0.15816595593602653,
    0.21647831070386078,
    0.894171280587344,
    -0.3919118038125315,
    -0.4194093269622827,
    -0.06064302423392881,
    0.9057694188196067,
    0.20293101625842197,
    -0.8335282563534151,
    -0.5138576150070753,
    0.5120673587662488,
    0.8580864521345526,
    0.038401311817360805,
    0.02167168484089824,
    -0.630352600167348,
    0.7760064030266892,
    -0.533739043607147,
    -0.22773385196720458,
    -0.81440771484405,
    0.02167168484089824,
    -0.630352600167348,
    0.7760064030266892,
    -0.8306886792158457,
    0.52008851045908,
    -0.1986561338370634,
    0.8090169943749475,
    0.11026408970826791,
    -0.5773502691896257,
    -0.08541019662496846,
    -0.6266618692025901,
    0.7745966692414834,
    0.08541019662496846,
    0.9834839589756801,
    0.15957568972123232,
    -1.0641010810974253e-51,
    -0.35682208977308993,
    -0.9341723589627157,
    0.9531483705694297,
    0.2883768762011334,
    -0.09136170397555675,
    -0.736670059865569,
    0.6057944043862106,
    -0.3005500998369747,
    -0.21647831070386078,
    -0.894171280587344,
    0.3919118038125315,
    0.5,
    0.6454972243679028,
    -0.5773502691896257,
    0.5,
    -0.6454972243679028,
    0.5773502691896257,
    -0.5854101966249684,
    -0.3379867346077773,
    -0.7369259589108581,
    -0.30901699437494745,
    0.7557613140761708,
    0.5773502691896257,
    0.6277576629574237,
    0.3134397458943351,
    0.7125137488441387,
    0.20293101625842197,
    -0.8335282563534151,
    -0.5138576150070753,
    0.8090169943749475,
    0.11026408970826791,
    -0.5773502691896257,
    -0.5925386836710866,
    0.783907190879076,
    0.1854384653770943,
    0.533739043607147,
    0.22773385196720458,
    0.81440771484405,
    1.7320508075688772
  ],
  "free_vars": [
    "x_3_0",
    "x_3_1",
    "x_3_2",
    "x_4_0",
    "x_4_1",
    "x_4_2",
    "x_5_0",
    "x_5_1",
    "x_5_2",
    "x_6_0",
    "x_6_1",
    "x_6_2",
    "x_7_0",
    "x_7_1",
    "x_7_2",
    "x_8_0",
    "x_8_1",
    "x_8_2",
    "x_9_0",
    "x_9_1",
    "x_9_2",
    "x_10_0",
    "x_10_1",
    "x_10_2",
    "x_11_0",
    "x_11_1",
    "x_11_2",
    "x_12_0",
    "x_12_1",
    "x_12_2",
    "x_13_0",
    "x_13_1",
    "x_13_2",
    "x_14_0",
    "x_14_1",
    "x_14_2",
    "x_15_0",
    "x_15_1",
    "x_15_2",
    "x_16_0",
    "x_16_1",
    "x_16_2",
    "x_17_0",
    "x_17_1",
    "x_17_2",
    "x_18_0",
    "x_18_1",
    "x_18_2",
    "x_19_0",
    "x_19_1",
    "x_19_2",
    "x_20_0",
    "x_20_1",
    "x_20_2",
    "x_21_0",
    "x_21_1",
    "x_21_2",
    "x_22_0",
    "x_22_1",
    "x_22_2",
    "x_23_0",
    "x_23_1",
    "x_23_2",
    "x_24_0",
    "x_24_1",
    "x_24_2",
    "x_25_0",
    "x_25_1",
    "x_25_2",
    "x_26_0",
    "x_26_1",
    "x_26_2",
    "x_27_0",
    "x_27_1",
    "x_27_2",
    "x_28_0",
    "x_28_1",
    "x_28_2",
    "x_29_0",
    "x_29_1",
    "x_29_2",
    "x_30_0",
    "x_30_1",
    "x_30_2",
    "x_31_0",
    "x_31_1",
    "x_31_2",
    "x_32_0",
    "x_32_1",
    "x_32_2",
    "s"
  ],
  "K_box": [
    [
      -0.8944271919874739,
      -0.8944271900123578
    ],
    [
      0.4177745777471845,
      0.4177745811896023
    ],
    [
      -0.15957569141310812,
      -0.15957568802935648
    ],
    [
      0.5854101949966259,
      0.5854101982533109
    ],
    [
      -0.23936353588395495,
      -0.23936353327974197
    ],
    [
      -0.7745966703420163,
      -0.7745966681409503
    ],
    [
      0.3090169926995817,
      0.3090169960503131
    ],
    [
      -0.1784110471952308,
      -0.17841104257785909
    ],
    [
      0.9341723579819792,
      0.9341723599434522
    ],
    [
      0.830688677725035,
      0.8306886807066562
    ],
    [
      -0.5200885123335377,
      -0.5200885085846223
    ],
    [
      0.19865613143388267,
      0.19865613624024409
    ],
    [
      -0.8090169956636567,
      -0.809016993086238
    ],
    [
      -0.4670861811176541,
      -0.46708617784506157
    ],
    [
      -0.3568220912099361,
      -0.3568220883362437
    ],
    [
      -0.021671687204469013,
      -0.02167168247732746
    ],
    [
      0.9871746892623258,
      0.9871746906185499
    ],
    [
      0.15816595326004318,
      0.15816595861200985
    ],
    [
      0.21647830690086375,
      0.21647831450685778
    ],
    [
      0.8941712789486796,
      0.8941712822260081
    ],
    [
      -0.3919118087632755,
      -0.39191179886178734
    ],
    [
      -0.419409331868241,
      -0.4194093220563245
    ],
    [
      -0.06064302767218291,
      -0.060643020795674706
    ],
    [
      0.9057694162137414,
      0.905769421425472
    ],
    [
      0.20293101234658517,
      0.20293102017025874
    ],
    [
      -0.8335282587634664,
      -0.8335282539433638
    ],
    [
      -0.5138576191614969,
      -0.5138576108526536
    ],
    [
      0.5120673542752432,
      0.5120673632572542
    ],
    [
      0.8580864493420078,
      0.8580864549270971
    ],
    [
      0.03840130784364027,
      0.038401315791081324
    ],
    [
      0.021671682474131437,
      0.021671687207665036
    ],
    [
      -0.630352601893393,
      -0.6303525984413028
    ],
    [
      0.7760064013305904,
      0.7760064047227878
    ],
    [
      -0.5337390482818699,
      -0.5337390389324239
    ],
    [
      -0.22773385590640444,
      -0.22773384802800467
    ],
    [
      -0.8144077178977416,
      -0.8144077117903582
    ],
    [
      0.02167168079632856,
      0.021671688885467916
    ],
    [
      -0.6303526035379013,
      -0.6303525967967945
    ],
    [
      0.7760064002390294,
      0.7760064058143488
    ],
    [
      -0.8306886814092912,
      -0.8306886770224
    ],
    [
      0.5200885073657237,
      0.5200885135524363
    ],
    [
      -0.19865613791853112,
      -0.19865612975559563
    ],
    [
      0.809016991757683,
      0.8090169969922116
    ],
    [
      0.11026408729589658,
      0.11026409212063923
    ],
    [
      -0.5773502725960311,
      -0.5773502657832202
    ],
    [
      -0.0854101982533109,
      -0.08541019499662598
    ],
    [
      -0.626661870497103,
      -0.6266618679080772
    ],
    [
      0.7745966681409503,
      0.7745966703420163
    ],
    [
      0.0854101949360393,
      0.0854101983138976
    ],
    [
      0.9834839583350388,
      0.9834839596163214
    ],
    [
      0.15957568803020833,
      0.1595756914122563
    ],
    [
      -2.2187305898749057e-09,
      2.2187305898749057e-09
    ],
    [
      -0.3568220914977061,
      -0.35682208804847365
    ],
    [
      -0.9341723599426003,
      -0.9341723579828309
    ],
    [
      0.9531483691225897,
      0.9531483720162697
    ],
    [
      0.288376872289265,
      0.2883768801130017
    ],
    [
      -0.0913617095922545,
      -0.091361698358859
    ],
    [
      -0.7366700626208765,
      -0.7366700571102612
    ],
    [
      0.6057944008433137,
      0.6057944079291072
    ],
    [
      -0.3005501040687899,
      -0.3005500956051595
    ],
    [
      -0.21647831437123202,
      -0.2164783070364895
    ],
    [
      -0.8941712829028488,
      -0.894171278271839
    ],
    [
      0.3919117985759684,
      0.3919118090490945
    ],
    [
