{
  "schema_version": 1,
  "kind": "interval_witness",
  "name": "girth5_snarks_n22_0006",
  "graph": {
    "n": 22,
    "m": 33
  },
  "krawczyk": {
    "certified": true,
    "radius": 1e-05,
    "dps": 50,
    "F_residual_at_center": 2.6727647100921956e-51,
    "max_overshoot": 0.0,
    "n_free_vars": 91
  },
  "candidate_center": [
    0.9814495930287733,
    -0.14135562771777577,
    0.1295194304194119,
    -0.436165877715531,
    0.829170756100017,
    0.3496214872475183,
    -0.5452837153132423,
    -0.6878151283822412,
    -0.47914091766693023,
    -0.9893404828642084,
    0.13965147442262518,
    0.041265901875541036,
    0.4907350508238372,
    0.1498288143590826,
    -0.8583300276005014,
    0.4986054320403712,
    -0.2894802887817078,
    0.8170641257249603,
    0.6091725478372669,
    0.5733593098978506,
    0.5478758150483678,
    -0.7797376093788806,
    0.4092046591133561,
    -0.4738784733241534,
    0.1705650615416137,
    -0.9825639690112066,
    -0.07399734172421449,
    0.39319042671443644,
    0.3177776401882163,
    0.8627969979876656,
    -0.44088098331470005,
    -0.8962546112389876,
    -0.04849361178871209,
    0.04769055660026361,
    0.5784769710507713,
    -0.8143033861989536,
    0.8210489183416416,
    0.1832438269185119,
    -0.5406481051351968,
    -0.10418786815939307,
    -0.876811113660655,
    0.46941150293698913,
    -0.7168610501822485,
    0.6935672867421431,
    0.0712366021982077,
    -0.2182556181418773,
    0.4040869979604353,
    0.888300727923168,
    0.936165877715531,
    0.03685464768442166,
    -0.3496214872475183,
    -0.7179102595736537,
    -0.44094164564485694,
    -0.5386792406756498,
    0.0013945679596287777,
    -0.5765451150027309,
    -0.8170641257249603,
    0.8240727137636256,
    0.07314217514512592,
    0.5617422759996735,
    -0.8254672817232543,
    0.503402939857605,
    0.2553218497252869,
    0.04528371531324228,
    0.935374681836609,
    -0.3507471877385359,
    0.061927948268134796,
    -0.16866521994934003,
    0.9837260659364171,
    -0.10721166358137707,
    -0.766709461887269,
    -0.6329788781978811,
    0.5,
    -0.24755955345436778,
    0.8298881054054661,
    0.5,
    0.24755955345436778,
    -0.8298881054054661,
    0.6559823113055189,
    0.609606865594197,
    -0.44504682526076733,
    0.32546728172325434,
    -0.7509624933119727,
    0.5745662556801793,
    -0.3801679350269415,
    0.7130107843204757,
    0.5891417169239089,
    0.8839254775382737,
    0.4676064545472989,
    0.004466970387164259,
    1.7320508075688772
  ],
  "free_vars": [
    "x_3_0",
    "x_3_1",
    "x_3_2",
    "x_4_0",
    "x_4_1",
    "x_4_2",
    "x_5_0",
    "x_5_1",
    "x_5_2",
    "x_6_0",
    "x_6_1",
    "x_6_2",
    "x_7_0",
    "x_7_1",
    "x_7_2",
    "x_8_0",
    "x_8_1",
    "x_8_2",
    "x_9_0",
    "x_9_1",
    "x_9_2",
    "x_10_0",
    "x_10_1",
    "x_10_2",
    "x_11_0",
    "x_11_1",
    "x_11_2",
    "x_12_0",
    "x_12_1",
    "x_12_2",
    "x_13_0",
    "x_13_1",
    "x_13_2",
    "x_14_0",
    "x_14_1",
    "x_14_2",
    "x_15_0",
    "x_15_1",
    "x_15_2",
    "x_16_0",
    "x_16_1",
    "x_16_2",
    "x_17_0",
    "x_17_1",
    "x_17_2",
    "x_18_0",
    "x_18_1",
    "x_18_2",
    "x_19_0",
    "x_19_1",
    "x_19_2",
    "x_20_0",
    "x_20_1",
    "x_20_2",
    "x_21_0",
    "x_21_1",
    "x_21_2",
    "x_22_0",
    "x_22_1",
    "x_22_2",
    "x_23_0",
    "x_23_1",
    "x_23_2",
    "x_24_0",
    "x_24_1",
    "x_24_2",
    "x_25_0",
    "x_25_1",
    "x_25_2",
    "x_26_0",
    "x_26_1",
    "x_26_2",
    "x_27_0",
    "x_27_1",
    "x_27_2",
    "x_28_0",
    "x_28_1",
    "x_28_2",
    "x_29_0",
    "x_29_1",
    "x_29_2",
    "x_30_0",
    "x_30_1",
    "x_30_2",
    "x_31_0",
    "x_31_1",
    "x_31_2",
    "x_32_0",
    "x_32_1",
    "x_32_2",
    "s"
  ],
  "K_box": [
    [
      0.981449592336046,
      0.9814495937215004
    ],
    [
      -0.14135562953545042,
      -0.1413556259001011
    ],
    [
      0.12951942669273384,
      0.12951943414608993
    ],
    [
      -0.43616587919171146,
      -0.4361658762393505
    ],
    [
      0.8291707549722267,
      0.8291707572278071
    ],
    [
      0.34962148417260835,
      0.34962149032242823
    ],
    [
      -0.5452837172627819,
      -0.5452837133637025
    ],
    [
      -0.6878151301120665,
      -0.6878151266524158
    ],
    [
      -0.4791409196341081,
      -0.4791409156997523
    ],
    [
      -0.9893404838570669,
      -0.9893404818713499
    ],
    [
      0.13965146959827182,
      0.13965147924697854
    ],
    [
      0.041265897624699906,
      0.04126590612638217
    ],
    [
      0.4907350472598716,
      0.49073505438780274
    ],
    [
      0.1498288101265312,
      0.14982881859163394
    ],
    [
      -0.8583300301883391,
      -0.8583300250126635
    ],
    [
      0.4986054288629956,
      0.4986054352177468
    ],
    [
      -0.2894802911381632,
      -0.2894802864252523
    ],
    [
      0.8170641240619569,
      0.8170641273879636
    ],
    [
      0.6091725441333791,
      0.6091725515411546
    ],
    [
      0.5733593060541925,
      0.5733593137415085
    ],
    [
      0.5478758106864887,
      0.5478758194102469
    ],
    [
      -0.7797376132631053,
      -0.7797376054946558
    ],
    [
      0.409204654554211,
      0.409204663672501
    ],
    [
      -0.47387847736182337,
      -0.4738784692864833
    ],
    [
      0.17056505671281363,
      0.17056506637041371
    ],
    [
      -0.9825639701734187,
      -0.9825639678489944
    ],
    [
      -0.0739973449827662,
      -0.07399733846566275
    ],
    [
      0.3931904226876908,
      0.39319043074118204
    ],
    [
      0.3177776362751609,
      0.31777764410127163
    ],
    [
      0.8627969953780261,
      0.8627970005973051
    ],
    [
      -0.4408809884033176,
      -0.44088097822608247
    ],
    [
      -0.8962546138518984,
      -0.8962546086260768
    ],
    [
      -0.04849361643781243,
      -0.04849360713961174
    ],
    [
      0.04769055081180939,
      0.047690562388717835
    ],
    [
      0.5784769685877954,
      0.5784769735137472
    ],
    [
      -0.8143033884123834,
      -0.8143033839855237
    ],
    [
      0.8210489146767462,
      0.8210489220065369
    ],
    [
      0.18324382240969625,
      0.18324383142732753
    ],
    [
      -0.5406481098291243,
      -0.5406481004412692
    ],
    [
      -0.10418787322496853,
      -0.1041878630938176
    ],
    [
      -0.8768111159695822,
      -0.8768111113517277
    ],
    [
      0.4694114992800653,
      0.46941150659391284
    ],
    [
      -0.716861052535011,
      -0.716861047829486
    ],
    [
      0.6935672842426522,
      0.6935672892416338
    ],
    [
      0.07123659967972142,
      0.07123660471669396
    ],
    [
      -0.21825562092658812,
      -0.21825561535716645
    ],
    [
      0.4040869955986788,
      0.4040870003221917
    ],
    [
      0.8883007267704893,
      0.8883007290758467
    ],
    [
      0.9361658762393504,
      0.9361658791917115
    ],
    [
      0.036854646527763935,
      0.036854648841079383
    ],
    [
      -0.34962149032242823,
      -0.34962148417260835
    ],
    [
      -0.7179102611891091,
      -0.7179102579581982
    ],
    [
      -0.4409416479475202,
      -0.4409416433421936
    ],
    [
      -0.5386792434620817,
      -0.5386792378892176
    ],
    [
      0.0013945647822531763,
      0.0013945711370043788
    ],
    [
      -0.5765451173680297,
      -0.5765451126374319
    ],
    [
      -0.8170641273879636,
      -0.8170641240619569
    ],
    [
      0.8240727113379187,
      0.8240727161893323
    ],
    [
      0.07314217277594988,
      0.07314217751430192
    ],
    [
      0.5617422727984279,
      0.5617422792009189
    ],
    [
      -0.8254672828662107,
      -0.8254672805802978
    ],
    [
      0.5034029383447403,
      0.5034029413704695
    ],
    [
      0.2553218479001792,
      0.2553218515503945
    ],
    [
      0.04528371337419381,
