{
  "schema_version": 1,
  "kind": "interval_witness",
  "name": "girth5_snarks_n22_0045",
  "graph": {
    "n": 22,
    "m": 33
  },
  "krawczyk": {
    "certified": true,
    "radius": 1e-05,
    "dps": 50,
    "F_residual_at_center": 2.6727647100921956e-51,
    "max_overshoot": 0.0,
    "n_free_vars": 91
  },
  "candidate_center": [
    -0.5,
    0.8660254037844386,
    5.644472367427015e-52,
    0.8097766556540912,
    -0.10982549906426133,
    -0.5763680488307461,
    -0.3097766556540912,
    -0.7561999047201773,
    0.5763680488307461,
    0.7203965687949907,
    -0.5833469364935753,
    0.37514681839509834,
    -0.1902233443459088,
    -0.009115197526768655,
    -0.9816985242119425,
    -0.5301732244490819,
    0.5924621340203439,
    0.6065517058168441,
    0.05108403082279315,
    0.4413282818661413,
    -0.895890489635857,
    0.04362691870607694,
    0.5521622559307583,
    0.8325944601603287,
    -0.09471094952887009,
    -0.9934905377968997,
    0.06329602947552837,
    0.5422284758243254,
    -0.31305575647945477,
    0.7797335271362296,
    0.45637308129392307,
    0.3138631478536803,
    -0.8325944601603287,
    -0.9986015571182485,
    -0.0008073913742255407,
    0.05286093302409911,
    -0.9014652157898182,
    0.40646161396145347,
    0.14882681578555249,
    0.624884173977952,
    0.40102840377655574,
    -0.6698477352923725,
    0.2765810418118662,
    -0.8074900177380092,
    0.5210209195068201,
    -0.3097766556540912,
    -0.7561999047201773,
    0.5763680488307461,
    -0.1902233443459088,
    -0.009115197526768655,
    -0.9816985242119425,
    0.5,
    0.765315102246946,
    0.4053304753811964,
    -0.9284281343746024,
    0.06520657249142665,
    -0.36574485943840085,
    0.4986015571182485,
    -0.8652180124102131,
    -0.05286093302409911,
    0.42982657725635387,
    0.8000114399187864,
    0.41860579246249996,
    0.5,
    0.765315102246946,
    0.4053304753811964,
    0.5,
    -0.765315102246946,
    -0.4053304753811964,
    0.5,
    0.8660254037844386,
    -1.6916663314257608e-54,
    -1.0,
    6.094691111905108e-52,
    5.6613890307412725e-52,
    0.9599998017054358,
    0.20754930589844256,
    -0.1879459133543442,
    -0.23960323291044508,
    -0.7908962423920178,
    0.5630927317494425,
    -0.600763061739943,
    -0.30095516338044126,
    -0.7406144295674378,
    0.6518470925627361,
    0.7422834452465826,
    -0.15527606006841918,
    -0.3592367399654928,
    0.09340585748199871,
    0.928560342921782,
    1.7320508075688772
  ],
  "free_vars": [
    "x_3_0",
    "x_3_1",
    "x_3_2",
    "x_4_0",
    "x_4_1",
    "x_4_2",
    "x_5_0",
    "x_5_1",
    "x_5_2",
    "x_6_0",
    "x_6_1",
    "x_6_2",
    "x_7_0",
    "x_7_1",
    "x_7_2",
    "x_8_0",
    "x_8_1",
    "x_8_2",
    "x_9_0",
    "x_9_1",
    "x_9_2",
    "x_10_0",
    "x_10_1",
    "x_10_2",
    "x_11_0",
    "x_11_1",
    "x_11_2",
    "x_12_0",
    "x_12_1",
    "x_12_2",
    "x_13_0",
    "x_13_1",
    "x_13_2",
    "x_14_0",
    "x_14_1",
    "x_14_2",
    "x_15_0",
    "x_15_1",
    "x_15_2",
    "x_16_0",
    "x_16_1",
    "x_16_2",
    "x_17_0",
    "x_17_1",
    "x_17_2",
    "x_18_0",
    "x_18_1",
    "x_18_2",
    "x_19_0",
    "x_19_1",
    "x_19_2",
    "x_20_0",
    "x_20_1",
    "x_20_2",
    "x_21_0",
    "x_21_1",
    "x_21_2",
    "x_22_0",
    "x_22_1",
    "x_22_2",
    "x_23_0",
    "x_23_1",
    "x_23_2",
    "x_24_0",
    "x_24_1",
    "x_24_2",
    "x_25_0",
    "x_25_1",
    "x_25_2",
    "x_26_0",
    "x_26_1",
    "x_26_2",
    "x_27_0",
    "x_27_1",
    "x_27_2",
    "x_28_0",
    "x_28_1",
    "x_28_2",
    "x_29_0",
    "x_29_1",
    "x_29_2",
    "x_30_0",
    "x_30_1",
    "x_30_2",
    "x_31_0",
    "x_31_1",
    "x_31_2",
    "x_32_0",
    "x_32_1",
    "x_32_2",
    "s"
  ],
  "K_box": [
    [
      -0.5000000013493626,
      -0.4999999986506373
    ],
    [
      0.8660254030083732,
      0.8660254045605039
    ],
    [
      -1.7341706885077112e-09,
      1.7341706885077112e-09
    ],
    [
      0.8097766527716274,
      0.8097766585365549
    ],
    [
      -0.10982550094147206,
      -0.10982549718705058
    ],
    [
      -0.5763680522954192,
      -0.5763680453660729
    ],
    [
      -0.30977665905118573,
      -0.30977665225699663
    ],
    [
      -0.7561999067903672,
      -0.7561999026499874
    ],
    [
      0.5763680449591266,
      0.5763680527023655
    ],
    [
      0.7203965659106586,
      0.7203965716793228
    ],
    [
      -0.5833469397351194,
      -0.5833469332520309
    ],
    [
      0.37514681588339505,
      0.3751468209068015
    ],
    [
      -0.19022334799747037,
      -0.1902233406943472
    ],
    [
      -0.00911520146398962,
      -0.009115193589547689
    ],
    [
      -0.9816985251491452,
      -0.9816985232747396
    ],
    [
      -0.5301732268995313,
      -0.5301732219986325
    ],
    [
      0.5924621314802986,
      0.592462136560389
    ],
    [
      0.6065517033078092,
      0.6065517083258791
    ],
    [
      0.05108402586947894,
      0.05108403577610735
    ],
    [
      0.44132827880643855,
      0.441328284925844
    ],
    [
      -0.8958904912341882,
      -0.8958904880375258
    ],
    [
      0.043626915074878314,
      0.04362692233727556
    ],
    [
      0.552162253362179,
      0.5521622584993376
    ],
    [
      0.8325944587056358,
      0.8325944616150215
    ],
    [
      -0.09471095228196995,
      -0.09471094677577022
    ],
    [
      -0.9934905384490327,
      -0.9934905371447664
    ],
    [
      0.063296026770988,
      0.06329603218006873
    ],
    [
      0.5422284722758058,
      0.5422284793728449
    ],
    [
      -0.3130557601036316,
      -0.3130557528552779
    ],
    [
      0.7797335240239316,
      0.7797335302485273
    ],
    [
      0.4563730776627244,
      0.45637308492512163
    ],
    [
      0.31386314530516723,
      0.31386315040219337
    ],
    [
      -0.8325944616150215,
      -0.8325944587056358
    ],
    [
      -0.998601557633253,
      -0.9986015566032439
    ],
    [
      -0.0008073937974148888,
      -0.0008073889510361925
    ],
    [
      0.05286092896461031,
      0.0528609370835879
    ],
    [
      -0.90146521774947,
      -0.9014652138301664
    ],
    [
      0.40646161049023216,
      0.4064616174326748
    ],
    [
      0.14882681138587603,
      0.14882682018522891
    ],
    [
      0.6248841706339292,
      0.6248841773219748
    ],
    [
      0.40102840065353834,
      0.40102840689957303
    ],
    [
      -0.6698477377568713,
      -0.6698477328278736
    ],
    [
      0.276581037987361,
      0.2765810456363714
    ],
    [
      -0.8074900203810073,
      -0.8074900150950111
    ],
    [
      0.5210209155646732,
      0.5210209234489668
    ],
    [
      -0.30977665853655495,
      -0.3097766527716274
    ],
    [
      -0.7561999065685205,
      -0.756199902871834
    ],
    [
      0.5763680453660729,
      0.5763680522954192
    ],
    [
      -0.19022334812100963,
      -0.19022334057080792
    ],
    [
      -0.009115201238621974,
      -0.009115193814915334
    ],
    [
      -0.981698525253538,
      -0.9816985231703469
    ],
    [
      0.4999999991,
      0.5000000009
    ],
    [
      0.7653150996835784,
      0.7653151048103134
    ],
    [
      0.405330471104605,
      0.4053304796577876
    ],
    [
      -0.9284281363221104,
      -0.9284281324270942
    ],
    [
      0.06520656867124772,
      0.06520657631160556
    ],
    [
      -0.36574486417762075,
      -0.3657448546991809
    ],
    [
      0.49860155504103476,
      0.4986015591954622
    ],
    [
      -0.8652180139503762,
      -0.8652180108700499
    ],
    [
      -0.05286093736275656,
      -0.05286092868544165
    ],
    [
      0.4298265738979905,
      0.4298265806147172
    ],
    [
      0.8000114374296076,
      0.8000114424079653
    ],
    [
      0.4186057891492958,
      0.41860579577570406
    ],
    [
      0.49999999939999995,
      0.5000000005999999
    ],
    [
