{
  "schema_version": 1,
  "kind": "interval_witness",
  "name": "girth5_snarks_n22_0048",
  "graph": {
    "n": 22,
    "m": 33
  },
  "krawczyk": {
    "certified": true,
    "radius": 1e-05,
    "dps": 50,
    "F_residual_at_center": 2.6727647100921956e-51,
    "max_overshoot": 0.0,
    "n_free_vars": 91
  },
  "candidate_center": [
    -2.698008197016684e-51,
    0.6759734692155546,
    -0.7369259589108581,
    0.8090169943749475,
    -0.11026408970826791,
    0.5773502691896257,
    -0.8090169943749475,
    -0.5657093795072866,
    0.15957568972123232,
    -0.3813082143526938,
    -0.9184262255109362,
    -0.10534378937979749,
    0.9741334687637038,
    0.15845252934640022,
    -0.16111108272903604,
    -0.59282525441101,
    0.7599736961645359,
    0.2664548721088335,
    0.568786038942187,
    0.18347240242331847,
    -0.8017607619816979,
    -0.30901699437494745,
    0.7557613140761708,
    0.5773502691896257,
    -0.25976904456723965,
    -0.9392337164994892,
    0.2244104927920721,
    0.23516039357800034,
    -0.8623847024136309,
    0.44832155238756183,
    0.30901699437494745,
    0.17841104488654497,
    -0.9341723589627157,
    -0.5441773879529478,
    0.6839736575270859,
    0.4858508065751539,
    -0.8773367810824027,
    0.09613854919122096,
    -0.4701463090564208,
    0.8525942989782497,
    0.17926002033495322,
    -0.4908653649009056,
    0.024742482104152974,
    -0.2753985695261742,
    0.9610116739573265,
    -0.30901699437494745,
    -0.7557613140761708,
    -0.5773502691896257,
    -1.1124736438720333e-51,
    0.9341723589627157,
    -0.35682208977308993,
    0.30901699437494745,
    -0.17841104488654497,
    0.9341723589627157,
    -0.42995608081075604,
    -0.8424261868734861,
    -0.3247397238461179,
    -0.38283369142955415,
    0.8876208649633232,
    -0.2560616425554263,
    0.8127897722403101,
    -0.04519467808983709,
    0.5808013664015441,
    0.5,
    0.3872983346207417,
    0.7745966692414834,
    0.5,
    -0.3872983346207417,
    -0.7745966692414834,
    0.8090169943749475,
    0.11026408970826791,
    -0.5773502691896257,
    -0.8090169943749475,
    0.5657093795072866,
    -0.15957568972123232,
    0.35809120932540117,
    -0.612222295437149,
    -0.7049500314019002,
    -0.739399423678095,
    -0.30620393007378716,
    0.5996062420221027,
    -0.1706133847359079,
    0.811440831312247,
    -0.5589766097326851,
    0.739399423678095,
    -0.6279684288889286,
    -0.2427841522490127,
    -0.6421763875044023,
    -0.7662461532224099,
    -0.021824756668859,
    1.7320508075688772
  ],
  "free_vars": [
    "x_3_0",
    "x_3_1",
    "x_3_2",
    "x_4_0",
    "x_4_1",
    "x_4_2",
    "x_5_0",
    "x_5_1",
    "x_5_2",
    "x_6_0",
    "x_6_1",
    "x_6_2",
    "x_7_0",
    "x_7_1",
    "x_7_2",
    "x_8_0",
    "x_8_1",
    "x_8_2",
    "x_9_0",
    "x_9_1",
    "x_9_2",
    "x_10_0",
    "x_10_1",
    "x_10_2",
    "x_11_0",
    "x_11_1",
    "x_11_2",
    "x_12_0",
    "x_12_1",
    "x_12_2",
    "x_13_0",
    "x_13_1",
    "x_13_2",
    "x_14_0",
    "x_14_1",
    "x_14_2",
    "x_15_0",
    "x_15_1",
    "x_15_2",
    "x_16_0",
    "x_16_1",
    "x_16_2",
    "x_17_0",
    "x_17_1",
    "x_17_2",
    "x_18_0",
    "x_18_1",
    "x_18_2",
    "x_19_0",
    "x_19_1",
    "x_19_2",
    "x_20_0",
    "x_20_1",
    "x_20_2",
    "x_21_0",
    "x_21_1",
    "x_21_2",
    "x_22_0",
    "x_22_1",
    "x_22_2",
    "x_23_0",
    "x_23_1",
    "x_23_2",
    "x_24_0",
    "x_24_1",
    "x_24_2",
    "x_25_0",
    "x_25_1",
    "x_25_2",
    "x_26_0",
    "x_26_1",
    "x_26_2",
    "x_27_0",
    "x_27_1",
    "x_27_2",
    "x_28_0",
    "x_28_1",
    "x_28_2",
    "x_29_0",
    "x_29_1",
    "x_29_2",
    "x_30_0",
    "x_30_1",
    "x_30_2",
    "x_31_0",
    "x_31_1",
    "x_31_2",
    "x_32_0",
    "x_32_1",
    "x_32_2",
    "s"
  ],
  "K_box": [
    [
      -1.8489356881873899e-09,
      1.8489356881873899e-09
    ],
    [
      0.6759734677441569,
      0.6759734706869521
    ],
    [
      -0.7369259602395624,
      -0.7369259575821536
    ],
    [
      0.8090169931551718,
      0.8090169955947228
    ],
    [
      -0.11026409083390652,
      -0.11026408858262929
    ],
    [
      0.5773502677832961,
      0.5773502705959552
    ],
    [
      -0.8090169957032639,
      -0.8090169930466309
    ],
    [
      -0.5657093809380848,
      -0.5657093780764885
    ],
    [
      0.15957568804224845,
      0.15957569140021619
    ],
    [
      -0.3813082245107585,
      -0.381308204194629
    ],
    [
      -0.9184262311598332,
      -0.918426219862039
    ],
    [
      -0.10534380145233599,
      -0.10534377730725897
    ],
    [
      0.9741334668017683,
      0.9741334707256393
    ],
    [
      0.15845252108589347,
      0.15845253760690692
    ],
    [
      -0.16111108742211072,
      -0.16111107803596134
    ],
    [
      -0.592825262919796,
      -0.5928252459022239
    ],
    [
      0.7599736929111621,
      0.7599736994179097
    ],
    [
      0.2664548597326704,
      0.26645488448499655
    ],
    [
      0.5687860335094566,
      0.5687860443749174
    ],
    [
      0.18347240036416396,
      0.18347240448247296
    ],
    [
      -0.801760766142686,
      -0.8017607578207095
    ],
    [
      -0.3090169955947229,
      -0.3090169931551719
    ],
    [
      0.7557613129648317,
      0.7557613151875096
    ],
    [
      0.5773502677832961,
      0.5773502705959552
    ],
    [
      -0.2597690499405981,
      -0.2597690391938811
    ],
    [
      -0.9392337175878952,
      -0.9392337154110831
    ],
    [
      0.2244104884931154,
      0.22441049709102878
    ],
    [
      0.23516038685949484,
      0.23516040029650578
    ],
    [
      -0.8623847061071103,
      -0.8623846987201513
    ],
    [
      0.44832154804207386,
      0.4483215567330497
    ],
    [
      0.3090169924466309,
      0.3090169963032639
    ],
    [
      0.17841104306040573,
      0.17841104671268418
    ],
    [
      -0.93417235993823,
      -0.9341723579872013
    ],
    [
      -0.5441773942796263,
      -0.5441773816262692
    ],
    [
      0.6839736541417053,
      0.6839736609124665
    ],
    [
      0.4858508017912866,
      0.48585081135902114
    ],
    [
      -0.8773367868013914,
      -0.8773367753634137
    ],
    [
      0.0961385371502186,
      0.09613856123222331
    ],
    [
      -0.4701463221617232,
      -0.47014629595111834
    ],
    [
      0.8525942931453656,
      0.8525943048111335
    ],
    [
      0.17926001663355184,
      0.17926002403635458
    ],
    [
      -0.4908653752072967,
      -0.4908653545945145
    ],
    [
      0.02474247077762218,
      0.024742493430683764
    ],
    [
      -0.27539857949693974,
      -0.27539855955540854
    ],
    [
      0.9610116705564571,
      0.9610116773581957
    ],
    [
      -0.3090169955947229,
      -0.3090169931551719
    ],
    [
      -0.7557613151875096,
      -0.7557613129648317
    ],
    [
      -0.5773502705959552,
      -0.5773502677832961
    ],
    [
      -1.628115294937453e-09,
      1.628115294937453e-09
    ],
    [
      0.9341723580916621,
      0.9341723598337692
    ],
    [
      -0.35682209121278263,
      -0.3568220883333972
    ],
    [
      0.3090169924466309,
      0.3090169963032639
    ],
    [
      -0.17841104671268418,
      -0.17841104306040573
    ],
    [
      0.9341723579872013,
      0.93417235993823
    ],
    [
      -0.4299560884036974,
      -0.4299560732178146
    ],
    [
      -0.8424261924767025,
      -0.8424261812702696
    ],
    [
      -0.32473972886735675,
      -0.3247397188248789
    ],
    [
      -0.38283369694633845,
      -0.38283368591276973
    ],
    [
      0.8876208605255593,
      0.8876208694010869
    ],
    [
      -0.2560616561118948,
      -0.25606162899895774
    ],
    [
      0.8127897643757873,
      0.8127897801048328
    ],
    [
      -0.045194687995000496,
      -0.04519466818467368
    ],
    [
      0.580801355370958,
      0.5808013774321302
    ],
    [
