{
  "schema_version": 1,
  "kind": "interval_witness",
  "name": "girth5_snarks_n22_0049",
  "graph": {
    "n": 22,
    "m": 33
  },
  "krawczyk": {
    "certified": true,
    "radius": 1e-05,
    "dps": 50,
    "F_residual_at_center": 2.6727647100921956e-51,
    "max_overshoot": 0.0,
    "n_free_vars": 91
  },
  "candidate_center": [
    1.4649695348577947e-51,
    0.9341723589627157,
    0.35682208977308993,
    0.5854101966249684,
    -0.23936353458184847,
    -0.7745966692414834,
    -0.5854101966249684,
    -0.6948088243808672,
    0.41777457946839347,
    0.6732816850866983,
    0.73837375141687,
    -0.0386778456664045,
    -0.08858253551531052,
    -0.6365233935843982,
    -0.766153446655094,
    -0.5846991495713878,
    -0.10185035783247176,
    0.8048312923214985,
    0.10044020665589663,
    -0.07791550466411101,
    -0.9918875636985564,
    0.8090169943749475,
    0.11026408970826791,
    0.5773502691896257,
    -0.909457201030844,
    -0.0323485850441569,
    0.41453729450893056,
    0.7328321565972342,
    -0.40711512854524623,
    0.5451736442333163,
    0.08541019662496846,
    0.049311600012964404,
    -0.9951248486580192,
    -0.8182423532222026,
    0.3578035285322818,
    0.44995120442470293,
    -0.9009996882020281,
    -0.4328343235270263,
    -0.02922345353905963,
    0.13468036077045611,
    0.9024499171145186,
    -0.4092008645185617,
    0.766319327431572,
    -0.46961559358749233,
    0.43842431805762133,
    -0.08541019662496846,
    -0.6266618692025901,
    0.7745966692414834,
    -0.8090169943749475,
    0.46708617948135783,
    -0.35682208977308993,
    0.8944271909999159,
    0.15957568972123232,
    -0.41777457946839347,
    0.9068248887375131,
    0.2787198650521165,
    0.31620224223039106,
    -0.7262596593951219,
    0.6803737623510402,
    -0.09817561122586321,
    -0.18056522934239125,
    -0.9590936274031566,
    -0.21802663100452785,
    0.5,
    0.6454972243679028,
    0.5773502691896257,
    0.5,
    -0.6454972243679028,
    -0.5773502691896257,
    -0.30901699437494745,
    0.7557613140761708,
    -0.5773502691896257,
    0.30901699437494745,
    0.17841104488654497,
    0.9341723589627157,
    0.143137873599272,
    0.5019641786316492,
    -0.8529616125665519,
    0.5301438114874263,
    0.23640957278522085,
    0.8142837669001474,
    0.4500187888009317,
    -0.8005995592820468,
    -0.3956304278029368,
    -0.34957858214503507,
    0.7226840546179358,
    -0.5962571358956196,
    -0.168167531604794,
    -0.8399494520722725,
    0.5159501906942566,
    1.7320508075688772
  ],
  "free_vars": [
    "x_3_0",
    "x_3_1",
    "x_3_2",
    "x_4_0",
    "x_4_1",
    "x_4_2",
    "x_5_0",
    "x_5_1",
    "x_5_2",
    "x_6_0",
    "x_6_1",
    "x_6_2",
    "x_7_0",
    "x_7_1",
    "x_7_2",
    "x_8_0",
    "x_8_1",
    "x_8_2",
    "x_9_0",
    "x_9_1",
    "x_9_2",
    "x_10_0",
    "x_10_1",
    "x_10_2",
    "x_11_0",
    "x_11_1",
    "x_11_2",
    "x_12_0",
    "x_12_1",
    "x_12_2",
    "x_13_0",
    "x_13_1",
    "x_13_2",
    "x_14_0",
    "x_14_1",
    "x_14_2",
    "x_15_0",
    "x_15_1",
    "x_15_2",
    "x_16_0",
    "x_16_1",
    "x_16_2",
    "x_17_0",
    "x_17_1",
    "x_17_2",
    "x_18_0",
    "x_18_1",
    "x_18_2",
    "x_19_0",
    "x_19_1",
    "x_19_2",
    "x_20_0",
    "x_20_1",
    "x_20_2",
    "x_21_0",
    "x_21_1",
    "x_21_2",
    "x_22_0",
    "x_22_1",
    "x_22_2",
    "x_23_0",
    "x_23_1",
    "x_23_2",
    "x_24_0",
    "x_24_1",
    "x_24_2",
    "x_25_0",
    "x_25_1",
    "x_25_2",
    "x_26_0",
    "x_26_1",
    "x_26_2",
    "x_27_0",
    "x_27_1",
    "x_27_2",
    "x_28_0",
    "x_28_1",
    "x_28_2",
    "x_29_0",
    "x_29_1",
    "x_29_2",
    "x_30_0",
    "x_30_1",
    "x_30_2",
    "x_31_0",
    "x_31_1",
    "x_31_2",
    "x_32_0",
    "x_32_1",
    "x_32_2",
    "s"
  ],
  "K_box": [
    [
      -1.6760254915624214e-09,
      1.6760254915624214e-09
    ],
    [
      0.9341723581729878,
      0.9341723597524434
    ],
    [
      0.3568220883800904,
      0.35682209116608943
    ],
    [
      0.5854101949991259,
      0.5854101982508109
    ],
    [
      -0.23936353588539833,
      -0.2393635332782986
    ],
    [
      -0.7745966703059319,
      -0.7745966681770347
    ],
    [
      -0.5854101983091468,
      -0.58541019494079
    ],
    [
      -0.694808825714035,
      -0.6948088230476993
    ],
    [
      0.41777457772202486,
      0.41777458121476196
    ],
    [
      0.6732816809581361,
      0.6732816892152604
    ],
    [
      0.7383737473312367,
      0.7383737555025033
    ],
    [
      -0.03867785079580117,
      -0.03867784053700784
    ],
    [
      -0.08858254012097105,
      -0.08858253090964996
    ],
    [
      -0.6365233976573088,
      -0.6365233895114877
    ],
    [
      -0.7661534503982683,
      -0.7661534429119196
    ],
    [
      -0.5846991528737959,
      -0.5846991462689796
    ],
    [
      -0.10185036474458739,
      -0.1018503509203561
    ],
    [
      0.8048312898262681,
      0.8048312948167288
    ],
    [
      0.10044020397714258,
      0.10044020933465067
    ],
    [
      -0.07791551182272943,
      -0.07791549750549258
    ],
    [
      -0.9918875647364885,
      -0.9918875626606241
    ],
    [
      0.8090169930824996,
      0.809016995667395
    ],
    [
      0.1102640885334551,
      0.11026409088308073
    ],
    [
      0.5773502676990993,
      0.5773502706801522
    ],
    [
      -0.9094572026328123,
      -0.9094571994288758
    ],
    [
      -0.03234859203603665,
      -0.032348578052277144
    ],
    [
      0.414537292085267,
      0.41453729693259406
    ],
    [
      0.7328321544834789,
      0.7328321587109893
    ],
    [
      -0.407115131881363,
      -0.40711512520912935
    ],
    [
      0.5451736416989588,
      0.5451736467676737
    ],
    [
      0.08541019478296036,
      0.08541019846697653
    ],
    [
      0.04931159810444999,
      0.049311601921478806
    ],
    [
      -0.9951248491390986,
      -0.9951248481769397
    ],
    [
      -0.8182423555892956,
      -0.8182423508551095
    ],
    [
      0.3578035243149857,
      0.3578035327495779
    ],
    [
      0.4499512016927279,
      0.4499512071566779
    ],
    [
      -0.9009996896082967,
      -0.9009996867957595
    ],
    [
      -0.43283432640203956,
      -0.432834320652013
    ],
    [
      -0.029223457223495137,
      -0.029223449854624124
    ],
    [
      0.13468035683464843,
      0.13468036470626374
    ],
    [
      0.9024499136406838,
      0.9024499205883533
    ],
    [
      -0.40920087122292154,
      -0.4092008578142018
    ],
    [
      0.7663193242937051,
      0.7663193305694389
    ],
    [
      -0.46961559644492407,
      -0.4696155907300605
    ],
    [
      0.43842431240425084,
      0.43842432371099177
    ],
    [
      -0.0854101982508109,
      -0.08541019499912599
    ],
    [
      -0.6266618704956597,
      -0.6266618679095206
    ],
    [
      0.7745966681770347,
      0.7745966703059319
    ],
    [
      -0.8090169955476737,
      -0.809016993202221
    ],
    [
      0.46708617789074763,
      0.46708618107196803
    ],
    [
      -0.35682209115700486,
      -0.35682208838917495
    ],
    [
      0.8944271899734135,
      0.8944271920264181
    ],
    [
      0.15957568793090293,
      0.15957569151156167
    ],
    [
      -0.4177745812210169,
      -0.4177745777157699
    ],
    [
      0.9068248863529396,
      0.9068248911220865
    ],
    [
      0.2787198608069111,
      0.2787198692973218
    ],
    [
      0.316202237845759,
      0.31620224661502305
    ],
    [
      -0.7262596618745611,
      -0.7262596569156825
    ],
    [
      0.6803737595688696,
      0.6803737651332107
    ],
    [
      -0.09817561576850081,
      -0.0981756066832256
    ],
    [
      -0.18056523377084208,
      -0.1805652249139404
    ],
    [
      -0.9590936292244348,
      -0.9590936255818785
    ],
    [
      -0.21802663754631074,
      -0.21802662446274493
    ],
    [
