{
  "schema_version": 1,
  "kind": "interval_witness",
  "name": "girth5_snarks_n22_0011",
  "graph": {
    "n": 22,
    "m": 33
  },
  "krawczyk": {
    "certified": true,
    "radius": 1e-05,
    "dps": 50,
    "F_residual_at_center": 2.6727647100921956e-51,
    "max_overshoot": 0.0,
    "n_free_vars": 91
  },
  "candidate_center": [
    2.2041345781578802e-53,
    -0.09862320002592881,
    -0.9951248486580192,
    -0.30901699437494745,
    -0.7557613140761708,
    0.5773502691896257,
    0.30901699437494745,
    0.8543845141020996,
    0.41777457946839347,
    0.9099760970552615,
    0.38146045909475373,
    -0.16257743058399288,
    -0.8090169943749475,
    0.46708617948135783,
    -0.35682208977308993,
    -0.10095910268031408,
    -0.8485466385761116,
    0.5193995203570828,
    -0.7172333241285582,
    0.5706541054967778,
    0.399912803794991,
    0.15110081183397353,
    -0.9269456072552682,
    0.34342449803890823,
    0.5661325122945847,
    0.3562915017584905,
    -0.7433373018338992,
    0.09268077196885705,
    0.36596534765274136,
    0.9260019648060499,
    -0.9016977663438045,
    -0.25570125794447346,
    -0.3486516956164241,
    0.8090169943749475,
    -0.11026408970826791,
    -0.5773502691896257,
    0.576641775100405,
    0.3525669196013497,
    -0.7370080260159108,
    -0.32039513597820923,
    -0.946947190552133,
    -0.025258169904551615,
    -0.2562466391221958,
    0.5943802709507833,
    0.7622661959204623,
    0.7089549934171012,
    -0.696413306647058,
    0.11131632240542601,
    -0.46321761710072573,
    0.10575761785341554,
    -0.8799117941438769,
    -0.2457373763163755,
    0.5906556887936425,
    0.7685954717384509,
    -0.8090169943749475,
    -0.46708617948135783,
    0.35682208977308993,
    1.4602565181400955e-52,
    0.35682208977308993,
    -0.9341723589627157,
    0.8090169943749475,
    0.11026408970826791,
    0.5773502691896257,
    -0.8204233589032356,
    0.20841334000117717,
    -0.5324184368290474,
    0.5641767197810398,
    0.742789020722696,
    0.36051227378679407,
    0.2562466391221958,
    -0.9512023607238732,
    0.17190616304225337,
    0.5,
    -0.3872983346207417,
    -0.7745966692414834,
    0.5,
    0.3872983346207417,
    0.7745966692414834,
    0.30901699437494745,
    -0.8543845141020996,
    -0.41777457946839347,
    -0.30901699437494745,
    0.7557613140761708,
    -0.5773502691896257,
    0.19274277292670328,
    0.9521145645915314,
    0.23733537321099812,
    0.6693225470692621,
    0.7185322672540911,
    0.1889939387901392,
    1.7320508075688772
  ],
  "free_vars": [
    "x_3_0",
    "x_3_1",
    "x_3_2",
    "x_4_0",
    "x_4_1",
    "x_4_2",
    "x_5_0",
    "x_5_1",
    "x_5_2",
    "x_6_0",
    "x_6_1",
    "x_6_2",
    "x_7_0",
    "x_7_1",
    "x_7_2",
    "x_8_0",
    "x_8_1",
    "x_8_2",
    "x_9_0",
    "x_9_1",
    "x_9_2",
    "x_10_0",
    "x_10_1",
    "x_10_2",
    "x_11_0",
    "x_11_1",
    "x_11_2",
    "x_12_0",
    "x_12_1",
    "x_12_2",
    "x_13_0",
    "x_13_1",
    "x_13_2",
    "x_14_0",
    "x_14_1",
    "x_14_2",
    "x_15_0",
    "x_15_1",
    "x_15_2",
    "x_16_0",
    "x_16_1",
    "x_16_2",
    "x_17_0",
    "x_17_1",
    "x_17_2",
    "x_18_0",
    "x_18_1",
    "x_18_2",
    "x_19_0",
    "x_19_1",
    "x_19_2",
    "x_20_0",
    "x_20_1",
    "x_20_2",
    "x_21_0",
    "x_21_1",
    "x_21_2",
    "x_22_0",
    "x_22_1",
    "x_22_2",
    "x_23_0",
    "x_23_1",
    "x_23_2",
    "x_24_0",
    "x_24_1",
    "x_24_2",
    "x_25_0",
    "x_25_1",
    "x_25_2",
    "x_26_0",
    "x_26_1",
    "x_26_2",
    "x_27_0",
    "x_27_1",
    "x_27_2",
    "x_28_0",
    "x_28_1",
    "x_28_2",
    "x_29_0",
    "x_29_1",
    "x_29_2",
    "x_30_0",
    "x_30_1",
    "x_30_2",
    "x_31_0",
    "x_31_1",
    "x_31_2",
    "x_32_0",
    "x_32_1",
    "x_32_2",
    "s"
  ],
  "K_box": [
    [
      -1.8135254915624214e-09,
      1.8135254915624214e-09
    ],
    [
      -0.09862320183921462,
      -0.09862319821264298
    ],
    [
      -0.995124849139197,
      -0.9951248481768413
    ],
    [
      -0.3090169957605588,
      -0.309016992989336
    ],
    [
      -0.7557613151415629,
      -0.7557613130107784
    ],
    [
      0.5773502677063161,
      0.5773502706729353
    ],
    [
      0.3090169927624668,
      0.309016995987428
    ],
    [
      0.8543845128637138,
      0.8543845153404852
    ],
    [
      0.4177745777228884,
      0.41777458121389843
    ],
    [
      0.9099760957645487,
      0.9099760983459741
    ],
    [
      0.3814604563529045,
      0.38146046183660287
    ],
    [
      -0.16257743485827789,
      -0.16257742630970784
    ],
    [
      -0.8090169955020178,
      -0.809016993247877
    ],
    [
      0.46708617783729506,
      0.46708618112542055
    ],
    [
      -0.35682209115899954,
      -0.35682208838718027
    ],
    [
      -0.10095910499126005,
      -0.10095910036936809
    ],
    [
      -0.8485466412427246,
      -0.8485466359094984
    ],
    [
      0.5193995162131221,
      0.5193995245010434
    ],
    [
      -0.7172333270767597,
      -0.7172333211803567
    ],
    [
      0.5706541022695928,
      0.5706541087239625
    ],
    [
      0.3999127981790998,
      0.39991280941088214
    ],
    [
      0.1511008070469005,
      0.15110081662104655
    ],
    [
      -0.9269456090292766,
      -0.9269456054812598
    ],
    [
      0.3434244930757991,
      0.3434245030020174
    ],
    [
      0.5661325071213835,
      0.5661325174677857
    ],
    [
      0.35629149766501333,
      0.3562915058519676
    ],
    [
      -0.7433373054881063,
      -0.7433372981796922
    ],
    [
      0.0926807692854405,
      0.09268077465227358
    ],
    [
      0.3659653443921989,
      0.36596535091328375
    ],
    [
      0.9260019632142054,
      0.9260019663978943
    ],
    [
      -0.9016977677272661,
      -0.9016977649603427
    ],
    [
      -0.25570126106968905,
      -0.2557012548192578
    ],
    [
      -0.3486516984362055,
      -0.3486516927966427
    ],
    [
      0.8090169929893359,
      0.8090169957605587
    ],
    [
      -0.11026409080239356,
      -0.11026408861414225
    ],
    [
      -0.5773502706729353,
      -0.5773502677063161
    ],
    [
      0.576641771569416,
      0.576641778631394
    ],
    [
      0.35256691618739366,
      0.35256692301530573
    ],
    [
      -0.7370080286755085,
      -0.7370080233563128
    ],
    [
      -0.32039514067789726,
      -0.3203951312785211
    ],
    [
      -0.9469471923919193,
      -0.9469471887123466
    ],
    [
      -0.025258173918840977,
      -0.025258165890262245
    ],
    [
      -0.2562466432911401,
      -0.25624663495325145
    ],
    [
      0.5943802685766663,
      0.5943802733249001
    ],
    [
      0.7622661937794789,
      0.7622661980614456
    ],
    [
      0.7089549907528946,
      0.7089549960813076
    ],
    [
      -0.6964133091683512,
      -0.6964133041257646
    ],
    [
      0.11131631654956813,
      0.11131632826128388
    ],
    [
      -0.4632176221940841,
      -0.4632176120073673
    ],
    [
      0.10575761362903863,
      0.10575762207779246
    ],
    [
      -0.8799117972352019,
      -0.8799117910525518
    ],
    [
      -0.2457373813052966,
      -0.24573737132745432
    ],
    [
      0.5906556853783275,
      0.5906556922089574
    ],
    [
      0.7685954682545826,
      0.7685954752223191
    ],
    [
      -0.8090169955020178,
      -0.809016993247877
    ],
    [
      -0.46708618112542055,
      -0.46708617783729506
    ],
    [
      0.35682208838718027,
      0.35682209115899954
    ],
    [
      -1.7781152949374528e-09,
      1.7781152949374528e-09
    ],
    [
      0.356822087926094,
      0.3568220916200858
    ],
    [
      -0.9341723599737273,
      -0.934172357951704
    ],
    [
      0.8090169929893359,
      0.8090169957605587
    ],
    [
      0.11026408861414225,
      0.11026409080239356
    ],
    [
      0.5773502677063161,
      0.5773502706729353
    ],
    [
