{
  "schema_version": 1,
  "kind": "interval_witness",
  "name": "girth5_snarks_n22_0101",
  "graph": {
    "n": 22,
    "m": 33
  },
  "krawczyk": {
    "certified": true,
    "radius": 1e-05,
    "dps": 50,
    "F_residual_at_center": 2.6727647100921956e-51,
    "max_overshoot": 0.0,
    "n_free_vars": 91
  },
  "candidate_center": [
    0.8944271909999159,
    0.41777457946839347,
    -0.15957568972123232,
    -0.30901699437494745,
    -0.7557613140761708,
    -0.5773502691896257,
    -0.5854101966249684,
    0.3379867346077773,
    0.7369259589108581,
    7.580609196711804e-52,
    0.09862320002592881,
    -0.9951248486580192,
    -0.30901699437494745,
    0.7557613140761708,
    0.5773502691896257,
    0.30901699437494745,
    -0.8543845141020996,
    0.41777457946839347,
    -8.324133362475412e-52,
    0.35682208977308993,
    0.9341723589627157,
    0.8090169943749475,
    0.11026408970826791,
    -0.5773502691896257,
    -0.8090169943749475,
    -0.46708617948135783,
    -0.35682208977308993,
    1.9926040588430416e-51,
    -0.35682208977308993,
    -0.9341723589627157,
    0.8090169943749475,
    -0.11026408970826791,
    0.5773502691896257,
    -0.8090169943749475,
    0.46708617948135783,
    0.35682208977308993,
    1.0,
    1.3922680871083403e-51,
    5.627404512510971e-51,
    -0.5,
    0.8660254037844386,
    -7.952310420065397e-52,
    -0.5,
    -0.8660254037844386,
    -4.832173470504432e-51,
    0.8090169943749475,
    -0.11026408970826791,
    0.5773502691896257,
    3.033761666038688e-51,
    -0.35682208977308993,
    -0.9341723589627157,
    -0.8090169943749475,
    0.46708617948135783,
    0.35682208977308993,
    0.5,
    -0.3872983346207417,
    0.7745966692414834,
    0.5,
    0.3872983346207417,
    -0.7745966692414834,
    0.5854101966249684,
    0.23936353458184847,
    0.7745966692414834,
    0.30901699437494745,
    0.17841104488654497,
    -0.9341723589627157,
    0.30901699437494745,
    0.8543845141020996,
    -0.41777457946839347,
    -0.30901699437494745,
    -0.7557613140761708,
    -0.5773502691896257,
    -0.8090169943749475,
    0.46708617948135783,
    0.35682208977308993,
    0.8090169943749475,
    -0.11026408970826791,
    0.5773502691896257,
    0.08541019662496846,
    -0.9834839589756801,
    -0.15957568972123232,
    -0.08541019662496846,
    0.6266618692025901,
    -0.7745966692414834,
    0.5,
    0.6454972243679028,
    -0.5773502691896257,
    0.5,
    -0.6454972243679028,
    0.5773502691896257,
    1.7320508075688772
  ],
  "free_vars": [
    "x_3_0",
    "x_3_1",
    "x_3_2",
    "x_4_0",
    "x_4_1",
    "x_4_2",
    "x_5_0",
    "x_5_1",
    "x_5_2",
    "x_6_0",
    "x_6_1",
    "x_6_2",
    "x_7_0",
    "x_7_1",
    "x_7_2",
    "x_8_0",
    "x_8_1",
    "x_8_2",
    "x_9_0",
    "x_9_1",
    "x_9_2",
    "x_10_0",
    "x_10_1",
    "x_10_2",
    "x_11_0",
    "x_11_1",
    "x_11_2",
    "x_12_0",
    "x_12_1",
    "x_12_2",
    "x_13_0",
    "x_13_1",
    "x_13_2",
    "x_14_0",
    "x_14_1",
    "x_14_2",
    "x_15_0",
    "x_15_1",
    "x_15_2",
    "x_16_0",
    "x_16_1",
    "x_16_2",
    "x_17_0",
    "x_17_1",
    "x_17_2",
    "x_18_0",
    "x_18_1",
    "x_18_2",
    "x_19_0",
    "x_19_1",
    "x_19_2",
    "x_20_0",
    "x_20_1",
    "x_20_2",
    "x_21_0",
    "x_21_1",
    "x_21_2",
    "x_22_0",
    "x_22_1",
    "x_22_2",
    "x_23_0",
    "x_23_1",
    "x_23_2",
    "x_24_0",
    "x_24_1",
    "x_24_2",
    "x_25_0",
    "x_25_1",
    "x_25_2",
    "x_26_0",
    "x_26_1",
    "x_26_2",
    "x_27_0",
    "x_27_1",
    "x_27_2",
    "x_28_0",
    "x_28_1",
    "x_28_2",
    "x_29_0",
    "x_29_1",
    "x_29_2",
    "x_30_0",
    "x_30_1",
    "x_30_2",
    "x_31_0",
    "x_31_1",
    "x_31_2",
    "x_32_0",
    "x_32_1",
    "x_32_2",
    "s"
  ],
  "K_box": [
    [
      0.894427188704196,
      0.8944271932956357
    ],
    [
      0.4177745760913634,
      0.4177745828454234
    ],
    [
      -0.15957569652502868,
      -0.15957568291743593
    ],
    [
      -0.3090169967313792,
      -0.30901699201851557
    ],
    [
      -0.7557613161259361,
      -0.7557613120264052
    ],
    [
      -0.5773502726142532,
      -0.5773502657649983
    ],
    [
      -0.585410201077538,
      -0.5854101921723988
    ],
    [
      0.3379867297994352,
      0.3379867394161193
    ],
    [
      0.7369259554064577,
      0.7369259624152584
    ],
    [
      -1.8135254915624214e-09,
      1.8135254915624214e-09
    ],
    [
      0.09862319821264298,
      0.09862320183921462
    ],
    [
      -0.995124849139197,
      -0.9951248481768413
    ],
    [
      -0.3090169957605588,
      -0.309016992989336
    ],
    [
      0.7557613130107784,
      0.7557613151415629
    ],
    [
      0.5773502677063161,
      0.5773502706729353
    ],
    [
      0.3090169927624668,
      0.309016995987428
    ],
    [
      -0.8543845153404852,
      -0.8543845128637138
    ],
    [
      0.4177745777228884,
      0.41777458121389843
    ],
    [
      -1.7781152949374528e-09,
      1.7781152949374528e-09
    ],
    [
      0.356822087926094,
      0.3568220916200858
    ],
    [
      0.934172357951704,
      0.9341723599737273
    ],
    [
      0.8090169929893359,
      0.8090169957605587
    ],
    [
      0.11026408861414225,
      0.11026409080239356
    ],
    [
      -0.5773502706729353,
      -0.5773502677063161
    ],
    [
      -0.8090169955020178,
      -0.809016993247877
    ],
    [
      -0.46708618112542055,
      -0.46708617783729506
    ],
    [
      -0.35682209115899954,
      -0.35682208838718027
    ],
    [
      -4.564060963113929e-09,
      4.564060963113929e-09
    ],
    [
      -0.35682209475729154,
      -0.35682208478888827
    ],
    [
      -0.9341723610305734,
      -0.9341723568948578
    ],
    [
      0.8090169918655647,
      0.80901699688433
    ],
    [
      -0.11026409214295103,
      -0.11026408727358479
    ],
    [
      0.5773502665365022,
      0.5773502718427491
    ],
    [
      -0.8090169977533689,
      -0.8090169909965259
    ],
    [
      0.4670861732313526,
      0.467086185731363
    ],
    [
      0.3568220864272725,
      0.35682209311890734
    ],
    [
      0.9999999997,
      1.0000000002999998
    ],
    [
      -2.911786915919757e-09,
      2.911786915919757e-09
    ],
    [
      -7.360915165871123e-09,
      7.360915165871123e-09
    ],
    [
      -0.5000000017716814,
      -0.49999999822831853
    ],
    [
      0.8660254024151477,
      0.8660254051537295
    ],
    [
      -1.1763287605919659e-09,
      1.1763287605919659e-09
    ],
    [
      -0.5000000020716814,
      -0.4999999979283185
    ],
    [
      -0.8660254053269346,
      -0.8660254022419426
    ],
    [
      -6.601788963608932e-09,
      6.601788963608932e-09
    ],
    [
      0.8090169920185155,
      0.8090169967313792
    ],
    [
      -0.11026409178676681,
      -0.11026408762976901
    ],
    [
      0.5773502657649983,
      0.5773502726142532
    ],
    [
      -4.764032872517001e-09,
      4.764032872517001e-09
    ],
    [
      -0.35682209615544996,
      -0.35682208339072985
    ],
    [
      -0.9341723617217002,
      -0.9341723562037312
    ],
    [
      -0.8090169970508766,
      -0.8090169916990182
    ],
    [
      0.4670861750282279,
      0.4670861839344877
    ],
    [
      0.3568220861435285,
      0.3568220934026513
    ],
    [
      0.49999999939999995,
      0.5000000005999999
    ],
    [
      -0.3872983363417101,
      -0.38729833289977317
    ],
    [
      0.7745966681832611,
      0.7745966702997056
    ],
    [
      0.49999999939999995,
      0.5000000005999999
    ],
    [
      0.38729833289977317,
      0.3872983363417101
    ],
    [
      -0.7745966702997056,
      -0.7745966681832611
    ],
    [
      0.5854101917777478,
      0.585410201472189
    ],
    [
      0.23936353022127205,
      0.2393635389424249
    ],
    [
      0.7745966645491167,
      0.7745966739338499
    ],
    [
      0.3090169880059581,
