{
  "schema_version": 1,
  "kind": "interval_witness",
  "name": "girth5_snarks_n22_0044",
  "graph": {
    "n": 22,
    "m": 33
  },
  "krawczyk": {
    "certified": true,
    "radius": 1e-05,
    "dps": 50,
    "F_residual_at_center": 2.6727647100921956e-51,
    "max_overshoot": 0.0,
    "n_free_vars": 91
  },
  "candidate_center": [
    -0.43613957504726925,
    0.872810396727142,
    0.21905314981208657,
    0.9599711246180104,
    -0.023110681977149695,
    -0.2791439346971083,
    -0.5238315495707411,
    -0.8496997147499923,
    0.06009078488502172,
    -0.2248233314929657,
    -0.9743800709016427,
    -0.006160117378242591,
    0.02383154957074112,
    0.5130724611097159,
    -0.858014397837167,
    0.20099178192222458,
    0.46130760979192686,
    0.8641745152154097,
    0.017083897635225942,
    0.9631230563148429,
    -0.2685183770924165,
    0.6055334680519032,
    -0.6556428312601809,
    -0.4510672864287199,
    -0.6226173656871291,
    -0.30748022505466205,
    0.7195856635211364,
    -0.5705752814547339,
    -0.8212380811284605,
    -0.003444168592749158,
    0.29900821807777545,
    0.4047177939925118,
    -0.8641745152154097,
    0.27156706337695846,
    0.41652028713594874,
    0.8676186838081588,
    -0.2870727123159929,
    0.8104293688136388,
    -0.5106794454526892,
    0.9667557353228031,
    -0.25352348522214135,
    0.033304514127742685,
    -0.6796830230068102,
    -0.5569058835914975,
    0.4773749313249465,
    -0.4599711246180104,
    -0.842914721807289,
    0.2791439346971083,
    0.8245661103199159,
    0.3017168769214389,
    0.4785996822947729,
    -0.3645949857019055,
    0.54119784488585,
    -0.7577436169918812,
    -0.34413836963567396,
    0.5610037102768034,
    -0.7528901776488791,
    -0.35154263918672113,
    0.13612162705315917,
    0.9262228001307437,
    0.695681008822395,
    -0.6971253373299625,
    -0.17333262248186454,
    0.5,
    0.3366272536402764,
    0.7979236129521453,
    0.5,
    -0.3366272536402764,
    -0.7979236129521453,
    0.4409609563815924,
    0.6336878526029099,
    0.6356045471915255,
    -0.8771005314288616,
    0.23912254412423206,
    -0.4165513973794389,
    -0.9409609563815924,
    -0.29706059896263354,
    0.16231906576061986,
    0.7161376248886266,
    -0.6773194719390092,
    -0.16847918313886245,
    -0.14488308731310573,
    0.25518900667005856,
    -0.9559746136197194,
    0.16196698494833167,
    0.7079340496447842,
    0.6874562365273029,
    -0.8576479937707268,
    -0.01080871231482172,
    -0.5141236140454384,
    1.7320508075688772
  ],
  "free_vars": [
    "x_3_0",
    "x_3_1",
    "x_3_2",
    "x_4_0",
    "x_4_1",
    "x_4_2",
    "x_5_0",
    "x_5_1",
    "x_5_2",
    "x_6_0",
    "x_6_1",
    "x_6_2",
    "x_7_0",
    "x_7_1",
    "x_7_2",
    "x_8_0",
    "x_8_1",
    "x_8_2",
    "x_9_0",
    "x_9_1",
    "x_9_2",
    "x_10_0",
    "x_10_1",
    "x_10_2",
    "x_11_0",
    "x_11_1",
    "x_11_2",
    "x_12_0",
    "x_12_1",
    "x_12_2",
    "x_13_0",
    "x_13_1",
    "x_13_2",
    "x_14_0",
    "x_14_1",
    "x_14_2",
    "x_15_0",
    "x_15_1",
    "x_15_2",
    "x_16_0",
    "x_16_1",
    "x_16_2",
    "x_17_0",
    "x_17_1",
    "x_17_2",
    "x_18_0",
    "x_18_1",
    "x_18_2",
    "x_19_0",
    "x_19_1",
    "x_19_2",
    "x_20_0",
    "x_20_1",
    "x_20_2",
    "x_21_0",
    "x_21_1",
    "x_21_2",
    "x_22_0",
    "x_22_1",
    "x_22_2",
    "x_23_0",
    "x_23_1",
    "x_23_2",
    "x_24_0",
    "x_24_1",
    "x_24_2",
    "x_25_0",
    "x_25_1",
    "x_25_2",
    "x_26_0",
    "x_26_1",
    "x_26_2",
    "x_27_0",
    "x_27_1",
    "x_27_2",
    "x_28_0",
    "x_28_1",
    "x_28_2",
    "x_29_0",
    "x_29_1",
    "x_29_2",
    "x_30_0",
    "x_30_1",
    "x_30_2",
    "x_31_0",
    "x_31_1",
    "x_31_2",
    "x_32_0",
    "x_32_1",
    "x_32_2",
    "s"
  ],
  "K_box": [
    [
      -0.43613958087773375,
      -0.4361395692168047
    ],
    [
      0.8728103959292146,
      0.8728103975250693
    ],
    [
      0.2190531393499837,
      0.21905316027418942
    ],
    [
      0.9599711220653725,
      0.9599711271706481
    ],
    [
      -0.02311068372772713,
      -0.023110680226572262
    ],
    [
      -0.279143942281182,
      -0.27914392711303454
    ],
    [
      -0.5238315532866897,
      -0.5238315458547923
    ],
    [
      -0.849699716757909,
      -0.8496997127420755
    ],
    [
      0.060090781225549915,
      0.06009078854449352
    ],
    [
      -0.22482334111025684,
      -0.22482332187567453
    ],
    [
      -0.9743800732540561,
      -0.9743800685492293
    ],
    [
      -0.006160119770097486,
      -0.006160114986387693
    ],
    [
      0.023831545387292537,
      0.0238315537541897
    ],
    [
      0.5130724585907713,
      0.5130724636286603
    ],
    [
      -0.85801439970061,
      -0.8580143959737241
    ],
    [
      0.2009917756333209,
      0.20099178821112823
    ],
    [
      0.4613076060192587,
      0.46130761356459493
    ],
    [
      0.864174514397233,
      0.8641745160335862
    ],
    [
      0.01708389207852126,
      0.017083903191930625
    ],
    [
      0.9631230533159805,
      0.9631230593137051
    ],
    [
      -0.26851838646893045,
      -0.26851836771590254
    ],
    [
      0.6055334590540226,
      0.6055334770497837
    ],
    [
      -0.6556428399450867,
      -0.6556428225752748
    ],
    [
      -0.451067290181464,
      -0.4510672826759757
    ],
    [
      -0.622617370821041,
      -0.6226173605532171
    ],
    [
      -0.30748023662004553,
      -0.30748021348927845
    ],
    [
      0.7195856543062478,
      0.7195856727360249
    ],
    [
      -0.570575283568863,
      -0.5705752793406047
    ],
    [
      -0.8212380826841685,
      -0.8212380795727524
    ],
    [
      -0.0034441701528400382,
      -0.0034441670326582773
    ],
    [
      0.2990082117888717,
      0.29900822436667907
    ],
    [
      0.4047177902343951,
      0.4047177977506285
    ],
    [
      -0.8641745160335862,
      -0.864174514397233
    ],
    [
      0.27156705642397805,
      0.2715670703299388
    ],
    [
      0.41652028294676247,
      0.41652029132513496
    ],
    [
      0.8676186827245076,
      0.8676186848918099
    ],
    [
      -0.2870727152852262,
      -0.28707270934675955
    ],
    [
      0.8104293662748098,
      0.8104293713524677
    ],
    [
      -0.5106794493740862,
      -0.5106794415312921
    ],
    [
      0.9667557341618976,
      0.9667557364837084
    ],
    [
      -0.2535234887568724,
      -0.25352348168741023
    ],
    [
      0.03330450861124628,
      0.033304519644239076
    ],
    [
      -0.6796830258510448,
      -0.6796830201625755
    ],
    [
      -0.5569058870795367,
      -0.5569058801034582
    ],
    [
      0.4773749269305946,
      0.47737493571929834
    ],
    [
      -0.45997112717064814,
      -0.45997112206537255
    ],
    [
      -0.842914723532799,
      -0.8429147200817788
    ],
    [
      0.27914392711303454,
      0.279143942281182
    ],
    [
      0.8245661075454358,
      0.824566113094396
    ],
    [
      0.3017168695594486,
      0.3017168842834292
    ],
    [
      0.4785996787375562,
      0.4785996858519895
    ],
    [
      -0.3645949886737428,
      -0.36459498273006824
    ],
    [
      0.5411978361022411,
      0.5411978536694588
    ],
    [
      -0.7577436235223135,
      -0.7577436104614487
    ],
    [
      -0.3441383745561001,
      -0.3441383647152478
    ],
    [
      0.5610036992153994,
      0.5610037213382073
    ],
    [
      -0.7528901845642397,
      -0.7528901707335183
    ],
    [
      -0.3515426466292496,
      -0.3515426317441926
    ],
    [
      0.13612161113936144,
      0.13612164296695686
    ],
    [
      0.9262227987058725,
      0.9262228015556146
    ],
    [
      0.6956810046964558,
      0.6956810129483343
    ],
    [
      -0.6971253428099965,
      -0.6971253318499284
    ],
    [
      -0.1733326297768922,
      -0.17333261518683685
    ],
    [
