{
  "schema_version": 1,
  "kind": "interval_witness",
  "name": "girth5_snarks_n10_to_20_0004",
  "graph": {
    "n": 20,
    "m": 30
  },
  "krawczyk": {
    "certified": true,
    "radius": 1e-05,
    "dps": 50,
    "F_residual_at_center": 2.6727647100921956e-51,
    "max_overshoot": 0.0,
    "n_free_vars": 82
  },
  "candidate_center": [
    1.1308099031821437e-51,
    0.9341723589627157,
    0.35682208977308993,
    -0.30901699437494745,
    -0.7557613140761708,
    0.5773502691896257,
    0.30901699437494745,
    -0.17841104488654497,
    -0.9341723589627157,
    0.1531488039317375,
    -0.7683944728373328,
    -0.621381829447334,
    -0.8208952540704729,
    0.025746827949526783,
    0.5704981005184077,
    0.6677464501387355,
    0.742647644887806,
    0.05088372892892633,
    0.8090169943749475,
    -0.11026408970826791,
    -0.5773502691896257,
    -0.8944271909999159,
    0.15957568972123232,
    -0.41777457946839347,
    0.08541019662496846,
    -0.049311600012964404,
    0.9951248486580192,
    -0.8090169943749475,
    -0.46708617948135783,
    0.35682208977308993,
    0.8944271909999159,
    -0.15957568972123232,
    0.41777457946839347,
    -0.08541019662496846,
    0.6266618692025901,
    -0.7745966692414834,
    -0.08541019662496846,
    0.6266618692025901,
    -0.7745966692414834,
    -0.7331278389889705,
    -0.06049285874034069,
    0.6773951474145525,
    0.8185380356139389,
    -0.5661690104622494,
    0.09720152182693081,
    -0.07353193692944295,
    0.13382886177170553,
    -0.9882726799868011,
    -0.1531488039317375,
    0.7683944728373328,
    0.621381829447334,
    0.22668074086118042,
    -0.9022233346090384,
    0.36689085053946713,
    -0.7331278389889705,
    -0.06049285874034069,
    0.6773951474145525,
    0.065381388850235,
    -0.6821547861474654,
    -0.7282788763434789,
    0.6677464501387355,
    0.742647644887806,
    0.05088372892892633,
    0.5,
    0.6454972243679028,
    0.5773502691896257,
    0.5,
    -0.6454972243679028,
    -0.5773502691896257,
    0.5854101966249684,
    0.23936353458184847,
    0.7745966692414834,
    -0.5854101966249684,
    0.6948088243808672,
    -0.41777457946839347,
    0.8185380356139389,
    -0.5661690104622494,
    0.09720152182693081,
    -0.6653892316822014,
    -0.20222546237508332,
    -0.7185833512742648,
    1.7320508075688772
  ],
  "free_vars": [
    "x_3_0",
    "x_3_1",
    "x_3_2",
    "x_4_0",
    "x_4_1",
    "x_4_2",
    "x_5_0",
    "x_5_1",
    "x_5_2",
    "x_6_0",
    "x_6_1",
    "x_6_2",
    "x_7_0",
    "x_7_1",
    "x_7_2",
    "x_8_0",
    "x_8_1",
    "x_8_2",
    "x_9_0",
    "x_9_1",
    "x_9_2",
    "x_10_0",
    "x_10_1",
    "x_10_2",
    "x_11_0",
    "x_11_1",
    "x_11_2",
    "x_12_0",
    "x_12_1",
    "x_12_2",
    "x_13_0",
    "x_13_1",
    "x_13_2",
    "x_14_0",
    "x_14_1",
    "x_14_2",
    "x_15_0",
    "x_15_1",
    "x_15_2",
    "x_16_0",
    "x_16_1",
    "x_16_2",
    "x_17_0",
    "x_17_1",
    "x_17_2",
    "x_18_0",
    "x_18_1",
    "x_18_2",
    "x_19_0",
    "x_19_1",
    "x_19_2",
    "x_20_0",
    "x_20_1",
    "x_20_2",
    "x_21_0",
    "x_21_1",
    "x_21_2",
    "x_22_0",
    "x_22_1",
    "x_22_2",
    "x_23_0",
    "x_23_1",
    "x_23_2",
    "x_24_0",
    "x_24_1",
    "x_24_2",
    "x_25_0",
    "x_25_1",
    "x_25_2",
    "x_26_0",
    "x_26_1",
    "x_26_2",
    "x_27_0",
    "x_27_1",
    "x_27_2",
    "x_28_0",
    "x_28_1",
    "x_28_2",
    "x_29_0",
    "x_29_1",
    "x_29_2",
    "s"
  ],
  "K_box": [
    [
      -1.6760254915624214e-09,
      1.6760254915624214e-09
    ],
    [
      0.9341723581729878,
      0.9341723597524434
    ],
    [
      0.3568220883800904,
      0.35682209116608943
    ],
    [
      -0.3090169956673951,
      -0.3090169930824997
    ],
    [
      -0.755761315222116,
      -0.7557613129302254
    ],
    [
      0.5773502676990993,
      0.5773502706801522
    ],
    [
      0.30901699270097494,
      0.30901699604891986
    ],
    [
      -0.17841104652368056,
      -0.17841104324940935
    ],
    [
      -0.9341723599670854,
      -0.9341723579583459
    ],
    [
      0.15314879759258354,
      0.1531488102708914
    ],
    [
      -0.7683944757961415,
      -0.768394469878524
    ],
    [
      -0.6213818324918147,
      -0.6213818264028532
    ],
    [
      -0.8208952569340157,
      -0.8208952512069301
    ],
    [
      0.025746822570328176,
      0.025746833328725387
    ],
    [
      0.5704980970833048,
      0.5704981039535103
    ],
    [
      0.6677464459564325,
      0.6677464543210383
    ],
    [
      0.7426476410557425,
      0.7426476487198694
    ],
    [
      0.05088372531110463,
      0.05088373254674801
    ],
    [
      0.8090169930824996,
      0.809016995667395
    ],
    [
      -0.11026409088308073,
      -0.1102640885334551
    ],
    [
      -0.5773502706801522,
      -0.5773502676990993
    ],
    [
      -0.8944271920264181,
      -0.8944271899734135
    ],
    [
      0.15957568793090293,
      0.15957569151156167
    ],
    [
      -0.4177745812210169,
      -0.4177745777157699
    ],
    [
      0.08541019478296036,
      0.08541019846697653
    ],
    [
      -0.049311601921478806,
      -0.04931159810444999
    ],
    [
      0.9951248481769397,
      0.9951248491390986
    ],
    [
      -0.8090169955476737,
      -0.809016993202221
    ],
    [
      -0.46708618107196803,
      -0.46708617789074763
    ],
    [
      0.35682208838917495,
      0.35682209115700486
    ],
    [
      0.8944271893935575,
      0.8944271926062741
    ],
    [
      -0.1595756930813497,
      -0.1595756863611149
    ],
    [
      0.41777457627900105,
      0.4177745826577858
    ],
    [
      -0.08541019916607717,
      -0.08541019408385973
    ],
    [
      0.6266618663484812,
      0.626661872056699
    ],
    [
      -0.7745966717315229,
      -0.7745966667514437
    ],
    [
      -0.0854101982508109,
      -0.08541019499912599
    ],
    [
      0.6266618679095206,
      0.6266618704956597
    ],
    [
      -0.7745966703059319,
      -0.7745966681770347
    ],
    [
      -0.7331278417478988,
      -0.733127836230042
    ],
    [
      -0.060492862994028146,
      -0.06049285448665322
    ],
    [
      0.6773951441087149,
      0.67739515072039
    ],
    [
      0.8185380330045539,
      0.8185380382233239
    ],
    [
      -0.5661690146601177,
      -0.566169006264381
    ],
    [
      0.09720151808233267,
      0.09720152557152896
    ],
    [
      -0.07353194136334426,
      -0.07353193249554162
    ],
    [
      0.1338288565571944,
      0.13382886698621665
    ],
    [
      -0.9882726809590281,
      -0.988272679014574
    ],
    [
      -0.15314881037471872,
      -0.15314879748875623
    ],
    [
      0.7683944689691189,
      0.7683944767055465
    ],
    [
      0.6213818259011027,
      0.6213818329935652
    ],
    [
      0.2266807370826239,
      0.22668074463973692
    ],
    [
      -0.9022233363212074,
      -0.9022233328968692
    ],
    [
      0.366890846197539,
      0.3668908548813952
    ],
    [
      -0.7331278425830642,
      -0.7331278353948767
    ],
    [
      -0.06049286243994514,
      -0.06049285504073624
    ],
    [
      0.6773951435247405,
      0.6773951513043645
    ],
    [
      0.06538138302832841,
      0.0653813946721416
    ],
    [
      -0.6821547892671572,
      -0.6821547830277733
    ],
    [
      -0.7282788795362461,
      -0.7282788731507115
    ],
    [
      0.6677464469421858,
      0.6677464533352849
    ],
    [
      0.7426476424732346,
      0.7426476473023774
    ],
    [
      0.0508837248765591,
      0.05088373298129354
    ],
    [
      0.49999999939999995,
      0.5000000005999999
    ],
    [
      0.6454972228848812,
      0.6454972258509243
    ],
    [
      0.5773502677047623,
      0.5773502706744891
    ],
    [
      0.49999999939999995,
      0.5000000005999999
    ],
    [
      -0.6454972258509243,
      -0.6454972228848812
    ],
    [
      -0.5773502706744891,
