{
  "schema_version": 1,
  "kind": "interval_witness",
  "name": "girth5_snarks_n10_to_20_0017",
  "graph": {
    "n": 20,
    "m": 30
  },
  "krawczyk": {
    "certified": true,
    "radius": 1e-05,
    "dps": 50,
    "F_residual_at_center": 2.6727647100921956e-51,
    "max_overshoot": 0.0,
    "n_free_vars": 82
  },
  "candidate_center": [
    4.306237421998807e-52,
    0.9341723589627157,
    -0.35682208977308993,
    -0.30901699437494745,
    -0.7557613140761708,
    -0.5773502691896257,
    0.30901699437494745,
    -0.17841104488654497,
    0.9341723589627157,
    -2.0186188168021143e-51,
    -0.35682208977308993,
    -0.9341723589627157,
    0.8090169943749475,
    -0.11026408970826791,
    0.5773502691896257,
    -0.8090169943749475,
    0.46708617948135783,
    0.35682208977308993,
    0.6340649460377819,
    -0.2598405227255751,
    0.7283162410353106,
    -0.49842712062018424,
    0.8651173014510992,
    0.05605765032750002,
    -0.13563782541759764,
    -0.6052767787255241,
    -0.7843738913628107,
    -0.45383737365152454,
    0.29456180472246635,
    0.8409904764477004,
    0.9984271206201842,
    0.0009081023333394434,
    -0.05605765032750002,
    -0.5445897469686597,
    -0.2954699070558058,
    -0.7849328261202003,
    -0.8131239987199643,
    0.3388922125501425,
    -0.4732667651320178,
    0.8839934821582945,
    0.44484278754523676,
    -0.14377210393757336,
    -0.0708694834383302,
    -0.7837350000953792,
    0.6170388690695912,
    0.5,
    -0.6454972243679028,
    0.5773502691896257,
    0.5,
    0.6454972243679028,
    -0.5773502691896257,
    0.30901699437494745,
    0.17841104488654497,
    -0.9341723589627157,
    -0.30901699437494745,
    0.7557613140761708,
    0.5773502691896257,
    -0.8090169943749475,
    -0.46708617948135783,
    -0.35682208977308993,
    0.8090169943749475,
    0.11026408970826791,
    -0.5773502691896257,
    -0.3394037351896348,
    -0.14937288048943098,
    0.9287049300577738,
    0.9734686812274167,
    -0.11046764223614412,
    -0.20038868902246315,
    -0.7381475109366172,
    0.6734709103871114,
    -0.039688599879965425,
    0.2843101372850927,
    -0.37890910566464503,
    0.8806790763276658,
    -0.6644516868524692,
    -0.6452936718400266,
    -0.37696158016716264,
    -0.14867231186749502,
    0.9841858843901691,
    -0.0963051849648552,
    1.7320508075688772
  ],
  "free_vars": [
    "x_3_0",
    "x_3_1",
    "x_3_2",
    "x_4_0",
    "x_4_1",
    "x_4_2",
    "x_5_0",
    "x_5_1",
    "x_5_2",
    "x_6_0",
    "x_6_1",
    "x_6_2",
    "x_7_0",
    "x_7_1",
    "x_7_2",
    "x_8_0",
    "x_8_1",
    "x_8_2",
    "x_9_0",
    "x_9_1",
    "x_9_2",
    "x_10_0",
    "x_10_1",
    "x_10_2",
    "x_11_0",
    "x_11_1",
    "x_11_2",
    "x_12_0",
    "x_12_1",
    "x_12_2",
    "x_13_0",
    "x_13_1",
    "x_13_2",
    "x_14_0",
    "x_14_1",
    "x_14_2",
    "x_15_0",
    "x_15_1",
    "x_15_2",
    "x_16_0",
    "x_16_1",
    "x_16_2",
    "x_17_0",
    "x_17_1",
    "x_17_2",
    "x_18_0",
    "x_18_1",
    "x_18_2",
    "x_19_0",
    "x_19_1",
    "x_19_2",
    "x_20_0",
    "x_20_1",
    "x_20_2",
    "x_21_0",
    "x_21_1",
    "x_21_2",
    "x_22_0",
    "x_22_1",
    "x_22_2",
    "x_23_0",
    "x_23_1",
    "x_23_2",
    "x_24_0",
    "x_24_1",
    "x_24_2",
    "x_25_0",
    "x_25_1",
    "x_25_2",
    "x_26_0",
    "x_26_1",
    "x_26_2",
    "x_27_0",
    "x_27_1",
    "x_27_2",
    "x_28_0",
    "x_28_1",
    "x_28_2",
    "x_29_0",
    "x_29_1",
    "x_29_2",
    "s"
  ],
  "K_box": [
    [
      -1.4562305898749055e-09,
      1.4562305898749055e-09
    ],
    [
      0.934172358187925,
      0.9341723597375063
    ],
    [
      -0.3568220909607631,
      -0.3568220885854167
    ],
    [
      -0.30901699554886575,
      -0.30901699320102904
    ],
    [
      -0.7557613150975634,
      -0.755761313054778
    ],
    [
      -0.5773502704862432,
      -0.5773502678930081
    ],
    [
      0.3090169927156189,
      0.3090169960342759
    ],
    [
      -0.17841104647954828,
      -0.17841104329354163
    ],
    [
      0.9341723579468577,
      0.9341723599785735
    ],
    [
      -1.7562305898749055e-09,
      1.7562305898749055e-09
    ],
    [
      -0.3568220916107793,
      -0.3568220879354005
    ],
    [
      -0.9341723599857904,
      -0.9341723579396408
    ],
    [
      0.809016993201029,
      0.8090169955488657
    ],
    [
      -0.11026409075763217,
      -0.11026408865890364
    ],
    [
      0.5773502678930081,
      0.5773502704862432
    ],
    [
      -0.8090169954659477,
      -0.809016993283947
    ],
    [
      0.4670861780276693,
      0.46708618093504634
    ],
    [
      0.35682208857921566,
      0.35682209096696416
    ],
    [
      0.6340649428316832,
      0.6340649492438805
    ],
    [
      -0.259840525935509,
      -0.25984051951564113
    ],
    [
      0.7283162380722666,
      0.7283162439983544
    ],
    [
      -0.49842712110061815,
      -0.49842712013975027
    ],
    [
      0.8651173008254687,
      0.8651173020767297
    ],
    [
      0.056057647058279494,
      0.05605765359672055
    ],
    [
      -0.13563782878697767,
      -0.13563782204821762
    ],
    [
      -0.605276781883857,
      -0.6052767755671911
    ],
    [
      -0.7843738936887509,
      -0.7843738890368703
    ],
    [
      -0.45383737677509606,
      -0.453837370527953
    ],
    [
      0.29456180168862356,
      0.2945618077563091
    ],
    [
      0.8409904741834138,
      0.840990478711987
    ],
    [
      0.9984271201397502,
      0.9984271211006182
    ],
    [
      0.000908101678841449,
      0.0009081029878374378
    ],
    [
      -0.05605765359672055,
      -0.056057647058279494
    ],
    [
      -0.5445897498569748,
      -0.5445897440803444
    ],
    [
      -0.29546991009177753,
      -0.295469904019834
    ],
    [
      -0.7849328281568217,
      -0.7849328240835789
    ],
    [
      -0.813124000781563,
      -0.8131239966583654
    ],
    [
      0.3388922093376561,
      0.33889221576262885
    ],
    [
      -0.473266769121323,
      -0.4732667611427126
    ],
    [
      0.8839934806381475,
      0.8839934836784414
    ],
    [
      0.4448427854283001,
      0.4448427896621734
    ],
    [
      -0.14377210688652894,
      -0.14377210098861776
    ],
    [
      -0.07086948632114318,
      -0.07086948055551721
    ],
    [
      -0.7837350025217139,
      -0.7837349976690445
    ],
    [
      0.6170388659479301,
      0.6170388721912521
    ],
    [
      0.49999999939999995,
      0.5000000005999999
    ],
    [
      -0.6454972256847037,
      -0.6454972230511018
    ],
    [
      0.5773502678906025,
      0.5773502704886488
    ],
    [
      0.49999999939999995,
      0.5000000005999999
    ],
    [
      0.6454972230511018,
      0.6454972256847037
    ],
    [
      -0.5773502704886488,
      -0.5773502678906025
    ],
    [
      0.3090169927156189,
      0.3090169960342759
    ],
    [
      0.17841104329354163,
      0.17841104647954828
    ],
    [
      -0.9341723599785735,
      -0.9341723579468577
    ],
    [
      -0.30901699554886575,
      -0.30901699320102904
    ],
    [
      0.755761313054778,
      0.7557613150975634
    ],
    [
      0.5773502678930081,
      0.5773502704862432
    ],
    [
      -0.8090169954659477,
      -0.809016993283947
    ],
    [
      -0.46708618093504634,
      -0.4670861780276693
    ],
    [
      -0.35682209096696416,
      -0.35682208857921566
    ],
    [
      0.809016993201029,
      0.8090169955488657
    ],
    [
      0.11026408865890364,
      0.11026409075763217
    ],
    [
      -0.5773502704862432,
      -0.5773502678930081
    ],
    [
      -0.33940373865964796,
      -0.3394037317196216
    ],
    [
      -0.14937288409715457,
      -0.14937287688170733
    ],
    [
      0.9287049285730088,
      0.9287049315425386
    ],
    [
      0.973468680287822,
      0.9734686821670113
    ],
    [
      -0.11046764503907605,
      -0.1104676394332122
    ],
