{
  "schema_version": 1,
  "kind": "interval_witness",
  "name": "girth5_snarks_n10_to_20_0014",
  "graph": {
    "n": 20,
    "m": 30
  },
  "krawczyk": {
    "certified": false,
    "radius": 1e-05,
    "dps": 50,
    "F_residual_at_center": 3.449199592565371e-10,
    "max_overshoot": 0.93488868374339,
    "n_free_vars": 82
  },
  "candidate_center": [
    0.4999999994664583,
    -0.2887016715252462,
    -0.8164871987059954,
    -0.4999999997332291,
    0.8660254036304185,
    -2.81463384656115e-05,
    2.6677086372466397e-10,
    -0.5773237321051723,
    0.816515345044461,
    -0.9919689348639481,
    0.10328626116697245,
    0.07300397802131259,
    0.535088068737906,
    0.6657196624859166,
    -0.5200943087733867,
    0.45688086612604206,
    -0.7690059236528891,
    0.4470903307520741,
    -0.8306796317097487,
    0.45460129349486994,
    0.3214171958064802,
    -0.03508806900467696,
    -0.9544213338571426,
    -0.2963928898237,
    0.8657677007144257,
    0.4998200403622726,
    -0.02502430598278018,
    1.0,
    6.355816833933174e-20,
    -3.2672624688386056e-10,
    -0.5000000002667708,
    -0.28870167137122593,
    -0.8164871982703604,
    -0.4999999997332291,
    0.28870167137122593,
    0.8164871985970866,
    0.9999999997332292,
    1.5402022977624407e-10,
    2.81463384656115e-05,
    -0.4999770185219536,
    -0.2886884032653898,
    -0.8165059626412158,
    -0.5000229812112755,
    0.2886884031113696,
    0.8164778163027502,
    -0.4088496497757928,
    -0.33467507421242504,
    -0.849019763364239,
    0.4088726312538392,
    0.9120120747314738,
    0.032513800396296914,
    -2.298147804642741e-05,
    -0.5773370005190488,
    0.8165059629679421,
    0.5,
    0.8660254034763982,
    -2.8146774100607597e-05,
    0.5,
    -0.8660254034763982,
    2.8146774100607597e-05,
    2.2981211275563937e-05,
    0.5773370003650286,
    -0.8165059630768509,
    0.4999770182551827,
    -0.8660386718902747,
    1.8764370855406363e-05,
    -0.4569180509386329,
    -0.16514496614984758,
    0.8740440693470192,
    -0.5350508839253153,
    0.26843122731682,
    -0.8010400913257065,
    -0.8657534973798813,
    -0.14300615107858478,
    -0.47960413114837097,
    0.035073865670132556,
    0.5976074445734547,
    0.8010213269548512,
    0.5,
    0.8660254037844386,
    -3.2672624688386056e-10,
    1.7320508075688772
  ],
  "free_vars": [
    "x_3_0",
    "x_3_1",
    "x_3_2",
    "x_4_0",
    "x_4_1",
    "x_4_2",
    "x_5_0",
    "x_5_1",
    "x_5_2",
    "x_6_0",
    "x_6_1",
    "x_6_2",
    "x_7_0",
    "x_7_1",
    "x_7_2",
    "x_8_0",
    "x_8_1",
    "x_8_2",
    "x_9_0",
    "x_9_1",
    "x_9_2",
    "x_10_0",
    "x_10_1",
    "x_10_2",
    "x_11_0",
    "x_11_1",
    "x_11_2",
    "x_12_0",
    "x_12_1",
    "x_12_2",
    "x_13_0",
    "x_13_1",
    "x_13_2",
    "x_14_0",
    "x_14_1",
    "x_14_2",
    "x_15_0",
    "x_15_1",
    "x_15_2",
    "x_16_0",
    "x_16_1",
    "x_16_2",
    "x_17_0",
    "x_17_1",
    "x_17_2",
    "x_18_0",
    "x_18_1",
    "x_18_2",
    "x_19_0",
    "x_19_1",
    "x_19_2",
    "x_20_0",
    "x_20_1",
    "x_20_2",
    "x_21_0",
    "x_21_1",
    "x_21_2",
    "x_22_0",
    "x_22_1",
    "x_22_2",
    "x_23_0",
    "x_23_1",
    "x_23_2",
    "x_24_0",
    "x_24_1",
    "x_24_2",
    "x_25_0",
    "x_25_1",
    "x_25_2",
    "x_26_0",
    "x_26_1",
    "x_26_2",
    "x_27_0",
    "x_27_1",
    "x_27_2",
    "x_28_0",
    "x_28_1",
    "x_28_2",
    "x_29_0",
    "x_29_1",
    "x_29_2",
    "s"
  ],
  "K_box": [
    [
      0.4999473739899646,
      0.5000526256108973
    ],
    [
      -1.1701026232325358,
      0.5927191322886389
    ],
    [
      -1.1281165138474503,
      -0.5048649023441376
    ],
    [
      -0.5000263124448632,
      -0.49997368735556774
    ],
    [
      0.8660102116961131,
      0.8660405957575429
    ],
    [
      -0.9348628058246633,
      0.9348275690774924
    ],
    [
      -2.6314288202536566e-05,
      2.6314487771579908e-05
    ],
    [
      -1.4587597280461768,
      0.3040924115364177
    ],
    [
      0.19328894476995798,
      1.439727708168801
    ],
    [
      -1.060256630261001,
      -0.9236827772359396
    ],
    [
      -0.8104497641388176,
      1.0170017063560752
    ],
    [
      -0.29185977899737603,
      0.43787595289741005
    ],
    [
      -0.21375912180973558,
      1.2839183928512239
    ],
    [
      -0.08661746603742679,
      1.4180737360243794
    ],
    [
      -0.7126660151733845,
      -0.32751826480146956
    ],
    [
      -0.36023561502294293,
      1.2740157514783952
    ],
    [
      -0.9303842407732631,
      -0.6076239714309473
    ],
    [
      -0.11035768658828377,
      1.0045257926631037
    ],
    [
      -1.1312081963780618,
      -0.5301578355517088
    ],
    [
      -0.45105405078218663,
      1.3602362395732566
    ],
    [
      -0.18280437690214943,
      0.8256501252165337
    ],
    [
      -0.7839447054488468,
      0.7137854342077893
    ],
    [
      -1.0834699665974923,
      -0.8253697942181358
    ],
    [
      -0.8006089909192105,
      0.20781185478395023
    ],
    [
      0.4174227616028696,
      1.3141025415679586
    ],
    [
      -0.27676627436023055,
      1.2764238463847888
    ],
    [
      -0.025041136243147938,
      -0.025007475935976076
    ],
    [
      0.999999999699992,
      1.0000000003000078
    ],
    [
      -5.484888349412666e-10,
      5.484888349567922e-10
    ],
    [
      -3.222745649854308e-05,
      3.222721207738083e-05
    ],
    [
      -0.5000263141121921,
      -0.49997368608737686
    ],
    [
      -1.1700874306630948,
      0.5927039398344192
    ],
    [
      -1.1281594817392473,
      -0.5048219341264457
    ],
    [
      -0.5000263136126336,
      -0.49997368618779725
    ],
    [
      -0.592703940382908,
      1.1700874312115837
    ],
    [
      0.5048541602029775,
      1.1281272559071367
    ],
    [
      0.9999736873555677,
      1.0000263124448632
    ],
    [
      -1.5192001971765051e-05,
      1.5192117193005894e-05
    ],
    [
      -0.9348275690774924,
      0.9348628058246633
    ],
    [
      -1.2632922846026702,
      0.2633210553527812
    ],
    [
      -0.7294091343642508,
      0.1520422541438612
    ],
    [
      -1.128078128348737,
      -0.5049267787903681
    ],
    [
      -1.2632947430839387,
      0.26326597253339673
    ],
    [
      -0.1520270621418894,
      0.7293939422470578
    ],
    [
      0.19321532252407322,
      1.4397543478678612
    ],
    [
      -0.4392587430339492,
      -0.3784398716298652
    ],
    [
      -0.43256820217622344,
      -0.23677974133947802
    ],
    [
      -0.9022530996809593,
      -0.7957876260070166
    ],
    [
      -0.3848524129727884,
      1.2025797983867137
    ],
    [
      0.5691844687555498,
      1.254847402108639
    ],
    [
      -0.33232272829579645,
      0.39735854660024594
    ],
    [
      -0.7633210556527706,
      0.7632922849026597
    ],
    [
      -1.0180676584479211,
      -0.13661626890056647
    ],
    [
      0.5048945529582576,
      1.1281103544252689
    ],
    [
      0.49999999939999995,
      0.5000000005999999
    ],
    [
      0.8659950190394105,
      0.8660557882990242
    ],
    [
      -0.9349057740423551,
      0.9348705369692893
    ],
    [
      0.49999999939999995,
      0.5000000005999999
    ],
    [
      -0.8660557882990242,
      -0.8659950190394105
    ],
    [
      -0.9348705369692893,
      0.9349057740423551
    ],
    [
      -0.7632659725333967,
      0.7632947430839387
    ],
    [
      0.13660107687960835,
      1.0180828503536579
    ],
    [
      -1.128121096566429,
      -0.5048838108985712
    ],
    [
      -0.26334736803826014,
      1.2633185970885799
    ],
    [
      -1.3067037004585493,
      -0.42536371771861387
    ],
    [
      -0.6232327029488792,
      0.6232561942222914
    ],
    [
      -0.8748438010326284,
      -0.03898288747438546
    ],
    [
      -1.0396441032219803,
      0.7093344747131235
    ],
    [
