{
  "schema_version": 1,
  "kind": "interval_witness",
  "name": "girth5_snarks_n10_to_20_0000",
  "graph": {
    "n": 10,
    "m": 15
  },
  "krawczyk": {
    "certified": true,
    "radius": 1e-05,
    "dps": 50,
    "F_residual_at_center": 2.6727647100921956e-51,
    "max_overshoot": 0.0,
    "n_free_vars": 37
  },
  "candidate_center": [
    -1.1723415510987543e-51,
    -0.35682208977308993,
    -0.9341723589627157,
    0.8090169943749475,
    -0.11026408970826791,
    0.5773502691896257,
    -0.8090169943749475,
    0.46708617948135783,
    0.35682208977308993,
    0.8944271909999159,
    0.41777457946839347,
    -0.15957568972123232,
    -0.30901699437494745,
    -0.7557613140761708,
    -0.5773502691896257,
    -0.5854101966249684,
    0.3379867346077773,
    0.7369259589108581,
    0.5,
    0.6454972243679028,
    -0.5773502691896257,
    0.5,
    -0.6454972243679028,
    0.5773502691896257,
    0.08541019662496846,
    -0.9834839589756801,
    -0.15957568972123232,
    -0.08541019662496846,
    0.6266618692025901,
    -0.7745966692414834,
    0.30901699437494745,
    0.17841104488654497,
    -0.9341723589627157,
    0.5854101966249684,
    0.23936353458184847,
    0.7745966692414834,
    1.7320508075688772
  ],
  "free_vars": [
    "x_3_0",
    "x_3_1",
    "x_3_2",
    "x_4_0",
    "x_4_1",
    "x_4_2",
    "x_5_0",
    "x_5_1",
    "x_5_2",
    "x_6_0",
    "x_6_1",
    "x_6_2",
    "x_7_0",
    "x_7_1",
    "x_7_2",
    "x_8_0",
    "x_8_1",
    "x_8_2",
    "x_9_0",
    "x_9_1",
    "x_9_2",
    "x_10_0",
    "x_10_1",
    "x_10_2",
    "x_11_0",
    "x_11_1",
    "x_11_2",
    "x_12_0",
    "x_12_1",
    "x_12_2",
    "x_13_0",
    "x_13_1",
    "x_13_2",
    "x_14_0",
    "x_14_1",
    "x_14_2",
    "s"
  ],
  "K_box": [
    [
      -2.2187305898749057e-09,
      2.2187305898749057e-09
    ],
    [
      -0.3568220914977061,
      -0.35682208804847365
    ],
    [
      -0.9341723599426003,
      -0.9341723579828309
    ],
    [
      0.8090169930620081,
      0.8090169956878865
    ],
    [
      -0.11026409075967435,
      -0.11026408865686148
    ],
    [
      0.577350267790513,
      0.5773502705887384
    ],
    [
      -0.8090169956636567,
      -0.809016993086238
    ],
    [
      0.46708617784506157,
      0.4670861811176541
    ],
    [
      0.3568220883362437,
      0.3568220912099361
    ],
    [
      0.8944271900123578,
      0.8944271919874739
    ],
    [
      0.4177745777471845,
      0.4177745811896023
    ],
    [
      -0.15957569141310812,
      -0.15957568802935648
    ],
    [
      -0.3090169956878866,
      -0.3090169930620082
    ],
    [
      -0.7557613151068224,
      -0.7557613130455189
    ],
    [
      -0.5773502705887384,
      -0.577350267790513
    ],
    [
      -0.5854101980960679,
      -0.5854101951538689
    ],
    [
      0.3379867328098767,
      0.33798673640567783
    ],
    [
      0.7369259575843501,
      0.7369259602373659
    ],
    [
      0.49999999939999995,
      0.5000000005999999
    ],
    [
      0.6454972229623409,
      0.6454972257734646
    ],
    [
      -0.5773502705878866,
      -0.5773502677913649
    ],
    [
      0.49999999939999995,
      0.5000000005999999
    ],
    [
      -0.6454972257734646,
      -0.6454972229623409
    ],
    [
      0.5773502677913649,
      0.5773502705878866
    ],
    [
      0.0854101949360393,
      0.0854101983138976
    ],
    [
      -0.9834839596163214,
      -0.9834839583350388
    ],
    [
      -0.1595756914122563,
      -0.15957568803020833
    ],
    [
      -0.0854101982533109,
      -0.08541019499662598
    ],
    [
      0.6266618679080772,
      0.626661870497103
    ],
    [
      -0.7745966703420163,
      -0.7745966681409503
    ],
    [
      0.3090169926995817,
      0.3090169960503131
    ],
    [
      0.17841104257785909,
      0.1784110471952308
    ],
    [
      -0.9341723599434522,
      -0.9341723579819792
    ],
    [
      0.5854101949966259,
      0.5854101982533109
    ],
    [
      0.23936353327974197,
      0.23936353588395495
    ],
    [
      0.7745966681409503,
      0.7745966703420163
    ],
    [
      1.7320508075111423,
      1.7320508076266121
    ]
  ]
}