{
  "schema_version": 1,
  "kind": "interval_witness",
  "name": "girth5_snarks_n10_to_20_0007",
  "graph": {
    "n": 20,
    "m": 30
  },
  "krawczyk": {
    "certified": true,
    "radius": 1e-05,
    "dps": 50,
    "F_residual_at_center": 2.6727647100921956e-51,
    "max_overshoot": 0.0,
    "n_free_vars": 82
  },
  "candidate_center": [
    -0.5,
    0.6735753140545634,
    -0.5443310539518174,
    0.5,
    0.28867513459481287,
    0.816496580927726,
    -1.1477610331931527e-51,
    -0.9622504486493763,
    -0.2721655269759087,
    -0.09872652454106673,
    -0.9911721444826568,
    -0.08849210899110452,
    0.09872652454106673,
    0.413821875293031,
    0.9049886899188305,
    4.443242870181934e-53,
    0.5773502691896257,
    -0.816496580927726,
    0.8409861020671496,
    0.3869203523872741,
    0.3781997052331074,
    -0.4332425831511355,
    0.4258407472088377,
    -0.7943302349534167,
    -0.4077435189160142,
    -0.8127610995961118,
    0.41613052972030934,
    -0.6597428722985966,
    -0.7377248146906216,
    -0.1431832400837673,
    -0.24800064661741758,
    0.7909891188789484,
    0.5593137698040767,
    0.9077435189160141,
    -0.053264304188326846,
    -0.41613052972030934,
    -0.49425893090866535,
    -0.18673732678356578,
    -0.8490213660460795,
    0.9942589309086654,
    -0.1019378078112471,
    0.03252478511835348,
    -0.5,
    0.28867513459481287,
    0.816496580927726,
    -0.5,
    -0.8660254037844386,
    2.827831338784796e-51,
    2.306484382848889e-51,
    0.5773502691896257,
    -0.816496580927726,
    0.5,
    0.28867513459481287,
    0.816496580927726,
    -0.5,
    0.6735753140545634,
    -0.5443310539518174,
    0.5,
    0.28867513459481287,
    0.816496580927726,
    1.482685569068224e-51,
    -0.9622504486493763,
    -0.2721655269759087,
    0.5,
    0.28867513459481287,
    0.816496580927726,
    0.5,
    -0.28867513459481287,
    -0.816496580927726,
    0.5,
    0.6735753140545634,
    -0.5443310539518174,
    -1.0,
    -1.5954344432035205e-51,
    -1.1288752069614768e-52,
    0.742259577526083,
    -0.6042517920953826,
    0.28970759624200293,
    -0.5610163477575298,
    -0.3239029393975906,
    0.7618054498350633,
    1.7320508075688772
  ],
  "free_vars": [
    "x_3_0",
    "x_3_1",
    "x_3_2",
    "x_4_0",
    "x_4_1",
    "x_4_2",
    "x_5_0",
    "x_5_1",
    "x_5_2",
    "x_6_0",
    "x_6_1",
    "x_6_2",
    "x_7_0",
    "x_7_1",
    "x_7_2",
    "x_8_0",
    "x_8_1",
    "x_8_2",
    "x_9_0",
    "x_9_1",
    "x_9_2",
    "x_10_0",
    "x_10_1",
    "x_10_2",
    "x_11_0",
    "x_11_1",
    "x_11_2",
    "x_12_0",
    "x_12_1",
    "x_12_2",
    "x_13_0",
    "x_13_1",
    "x_13_2",
    "x_14_0",
    "x_14_1",
    "x_14_2",
    "x_15_0",
    "x_15_1",
    "x_15_2",
    "x_16_0",
    "x_16_1",
    "x_16_2",
    "x_17_0",
    "x_17_1",
    "x_17_2",
    "x_18_0",
    "x_18_1",
    "x_18_2",
    "x_19_0",
    "x_19_1",
    "x_19_2",
    "x_20_0",
    "x_20_1",
    "x_20_2",
    "x_21_0",
    "x_21_1",
    "x_21_2",
    "x_22_0",
    "x_22_1",
    "x_22_2",
    "x_23_0",
    "x_23_1",
    "x_23_2",
    "x_24_0",
    "x_24_1",
    "x_24_2",
    "x_25_0",
    "x_25_1",
    "x_25_2",
    "x_26_0",
    "x_26_1",
    "x_26_2",
    "x_27_0",
    "x_27_1",
    "x_27_2",
    "x_28_0",
    "x_28_1",
    "x_28_2",
    "x_29_0",
    "x_29_1",
    "x_29_2",
    "s"
  ],
  "K_box": [
    [
      -0.5000000020625,
      -0.4999999979375
    ],
    [
      0.6735753121966181,
      0.6735753159125086
    ],
    [
      -0.5443310561416158,
      -0.5443310517620188
    ],
    [
      0.49999999690624997,
      0.5000000030937499
    ],
    [
      0.2886751323852453,
      0.28867513680438045
    ],
    [
      0.8164965791101706,
      0.8164965827452814
    ],
    [
      -2.83125e-09,
      2.83125e-09
    ],
    [
      -0.9622504496264613,
      -0.9622504476722911
    ],
    [
      -0.2721655295935173,
      -0.2721655243583
    ],
    [
      -0.09872652676099389,
      -0.09872652232113956
    ],
    [
      -0.9911721450624019,
      -0.9911721439029115
    ],
    [
      -0.08849211056573006,
      -0.08849210741647896
    ],
    [
      0.09872652133794085,
      0.0987265277441926
    ],
    [
      0.4138218736644328,
      0.4138218769216292
    ],
    [
      0.9049886887184325,
      0.9049886911192284
    ],
    [
      -1.2e-09,
      1.2e-09
    ],
    [
      0.5773502681407727,
      0.5773502702384787
    ],
    [
      -0.8164965815469025,
      -0.8164965803085494
    ],
    [
      0.8409861002526415,
      0.8409861038816576
    ],
    [
      0.3869203501356912,
      0.386920354638857
    ],
    [
      0.37819970200654396,
      0.3781997084596708
    ],
    [
      -0.43324258588730635,
      -0.4332425804149646
    ],
    [
      0.4258407446731038,
      0.4258407497445715
    ],
    [
      -0.7943302365195267,
      -0.7943302333873067
    ],
    [
      -0.40774352043352197,
      -0.4077435173985063
    ],
    [
      -0.8127611008762607,
      -0.8127610983159628
    ],
    [
      0.41613052681467383,
      0.4161305326259448
    ],
    [
      -0.6597428741199751,
      -0.659742870477218
    ],
    [
      -0.7377248163736482,
      -0.7377248130075948
    ],
    [
      -0.14318324321440795,
      -0.1431832369531266
    ],
    [
      -0.24800064890008086,
      -0.24800064433475424
    ],
    [
      0.7909891171554899,
      0.7909891206024069
    ],
    [
      0.5593137676728462,
      0.5593137719353068
    ],
    [
      0.9077435173985062,
      0.9077435204335219
    ],
    [
      -0.05326430548471368,
      -0.05326430289194001
    ],
    [
      -0.4161305326259448,
      -0.41613052681467383
    ],
    [
      -0.49425893266197435,
      -0.4942589291553563
    ],
    [
      -0.1867373293786272,
      -0.18673732418850433
    ],
    [
      -0.8490213678869554,
      -0.8490213642052035
    ],
    [
      0.9942589303553563,
      0.9942589314619743
    ],
    [
      -0.10193780993055616,
      -0.10193780569193804
    ],
    [
      0.03252478298438067,
      0.032524787252326284
    ],
    [
      -0.5000000012,
      -0.49999999879999996
    ],
    [
      0.28867513353633734,
      0.28867513565328834
    ],
    [
      0.8164965803085494,
      0.8164965815469025
    ],
    [
      -0.5000000027937499,
      -0.49999999720625
    ],
    [
      -0.8660254054840134,
      -0.8660254020848638
    ],
    [
      -1.824359548010388e-09,
      1.824359548010388e-09
    ],
    [
      -2.49375e-09,
      2.49375e-09
    ],
    [
      0.5773502675670309,
      0.5773502708122206
    ],
    [
      -0.816496582136311,
      -0.8164965797191409
    ],
    [
      0.4999999991,
      0.5000000009
    ],
    [
      0.2886751330263446,
      0.2886751361632811
    ],
    [
      0.8164965798220535,
      0.8164965820333985
    ],
    [
      -0.50000000233125,
      -0.49999999766875
    ],
    [
      0.6735753126500786,
      0.673575315459048
    ],
    [
      -0.5443310562621058,
      -0.5443310516415288
    ],
    [
      0.49999999750624996,
      0.50000000249375
    ],
    [
      0.2886751329842462,
      0.28867513620537955
    ],
    [
      0.8164965797191409,
      0.816496582136311
    ],
    [
      -2.4625e-09,
      2.4625e-09
    ],
    [
      -0.9622504493558284,
      -0.962250447942924
    ],
    [
      -0.27216552873874744,
      -0.27216552521306986
    ],
    [
      0.49999999939999995,
      0.5000000005999999
    ],
    [
      0.2886751326847457,
      0.28867513650487997
    ],
    [
      0.8164965799258166,
      0.8164965819296354
    ],
    [
      0.49999999939999995,
      0.5000000005999999
    ],
    [
      -0.28867513650487997,
      -0.2886751326847457
    ],
    [
      -0.8164965819296354,
      -0.8164965799258166
    ],
    [
      0.49999999803749995,
      0.5000000019624999
    ],
    [
      0.6735753126825546,
      0.6735753154265721
    ],
    [
      -0.5443310560752754,
      -0.5443310518283592
    ],
    [
