{
  "schema_version": 1,
  "kind": "interval_witness",
  "name": "girth5_snarks_n10_to_20_0005",
  "graph": {
    "n": 20,
    "m": 30
  },
  "krawczyk": {
    "certified": true,
    "radius": 1e-05,
    "dps": 50,
    "F_residual_at_center": 2.6727647100921956e-51,
    "max_overshoot": 0.0,
    "n_free_vars": 82
  },
  "candidate_center": [
    -0.9684200277216317,
    0.24814110675069334,
    -0.024261925895835788,
    0.5614454903837929,
    0.2531995641812415,
    0.7878254514967968,
    0.4069745373378389,
    -0.5013406709319348,
    -0.763563525600961,
    0.009079003696758875,
    0.37612316424811526,
    0.9265251950205453,
    -0.06144549038379287,
    0.6128258396031971,
    -0.7878254514967968,
    0.052366486687033996,
    -0.9889490038513123,
    -0.13869974352374856,
    0.7032487024125852,
    -0.17132944154446467,
    -0.689990931110748,
    0.12913840676937005,
    -0.3248132782654834,
    0.9369202773766284,
    -0.8323871091819552,
    0.49614271980994806,
    -0.24692934626588042,
    -0.20324870241258522,
    -0.694695962239974,
    0.689990931110748,
    0.6339488465745409,
    0.7439903324321611,
    0.21115692073501108,
    -0.4307001441619557,
    -0.04929437019218704,
    -0.9011478518457591,
    -0.5361129441072089,
    0.8261539491974182,
    -0.17335675177566745,
    0.2017157791846657,
    -0.6314276996062781,
    -0.7487388093306283,
    0.3343971649225432,
    -0.19472624959114015,
    0.9220955611062958,
    0.7800206224949212,
    0.4928062840413643,
    0.38562908978962895,
    -0.8356646257592066,
    -0.11256263282588291,
    0.5375818885956173,
    0.055644003264285355,
    -0.38024365121548137,
    -0.9232109783852462,
    -0.8343971649225432,
    -0.43958812770767747,
    -0.33248105080993845,
    0.8108262731248631,
    -0.5509736348135997,
    0.1974558394951514,
    0.023570891797680103,
    0.9905617625212771,
    0.1350252113147871,
    0.5,
    0.6343143772988177,
    -0.5896145102963574,
    0.5,
    -0.6343143772988177,
    0.5896145102963574,
    -0.38012612896290743,
    0.6002680050057867,
    0.7036920123506077,
    -0.5882938987587243,
    -0.3521268982550934,
    -0.7279539382464435,
    0.08829389875872433,
    0.986441275553911,
    0.13833942795008622,
    -0.07921489506196545,
    -0.6103181113057958,
    0.7881857670704592,
    1.7320508075688772
  ],
  "free_vars": [
    "x_3_0",
    "x_3_1",
    "x_3_2",
    "x_4_0",
    "x_4_1",
    "x_4_2",
    "x_5_0",
    "x_5_1",
    "x_5_2",
    "x_6_0",
    "x_6_1",
    "x_6_2",
    "x_7_0",
    "x_7_1",
    "x_7_2",
    "x_8_0",
    "x_8_1",
    "x_8_2",
    "x_9_0",
    "x_9_1",
    "x_9_2",
    "x_10_0",
    "x_10_1",
    "x_10_2",
    "x_11_0",
    "x_11_1",
    "x_11_2",
    "x_12_0",
    "x_12_1",
    "x_12_2",
    "x_13_0",
    "x_13_1",
    "x_13_2",
    "x_14_0",
    "x_14_1",
    "x_14_2",
    "x_15_0",
    "x_15_1",
    "x_15_2",
    "x_16_0",
    "x_16_1",
    "x_16_2",
    "x_17_0",
    "x_17_1",
    "x_17_2",
    "x_18_0",
    "x_18_1",
    "x_18_2",
    "x_19_0",
    "x_19_1",
    "x_19_2",
    "x_20_0",
    "x_20_1",
    "x_20_2",
    "x_21_0",
    "x_21_1",
    "x_21_2",
    "x_22_0",
    "x_22_1",
    "x_22_2",
    "x_23_0",
    "x_23_1",
    "x_23_2",
    "x_24_0",
    "x_24_1",
    "x_24_2",
    "x_25_0",
    "x_25_1",
    "x_25_2",
    "x_26_0",
    "x_26_1",
    "x_26_2",
    "x_27_0",
    "x_27_1",
    "x_27_2",
    "x_28_0",
    "x_28_1",
    "x_28_2",
    "x_29_0",
    "x_29_1",
    "x_29_2",
    "s"
  ],
  "K_box": [
    [
      -0.9684200290418626,
      -0.9684200264014008
    ],
    [
      0.24814110284061078,
      0.24814111066077588
    ],
    [
      -0.024261928333947445,
      -0.02426192345772413
    ],
    [
      0.5614454875997393,
      0.5614454931678463
    ],
    [
      0.2531995622898591,
      0.25319956607262384
    ],
    [
      0.7878254500711215,
      0.787825452922472
    ],
    [
      0.4069745337736171,
      0.4069745409020606
    ],
    [
      -0.5013406742336968,
      -0.5013406676301728
    ],
    [
      -0.7635635276530857,
      -0.7635635235488363
    ],
    [
      0.00907899596761631,
      0.009079011425901439
    ],
    [
      0.3761231619599485,
      0.3761231665362819
    ],
    [
      0.9265251938998315,
      0.9265251961412592
    ],
    [
      -0.06144549316784639,
      -0.06144548759973935
    ],
    [
      0.6128258377280914,
      0.6128258414783028
    ],
    [
      -0.787825452922472,
      -0.7878254500711215
    ],
    [
      0.05236648043018596,
      0.05236649294388202
    ],
    [
      -0.9889490045333145,
      -0.9889490031693102
    ],
    [
      -0.13869974553258907,
      -0.13869974151490802
    ],
    [
      0.7032486994511857,
      0.7032487053739847
    ],
    [
      -0.17132944382890952,
      -0.17132943926001978
    ],
    [
      -0.6899909337676999,
      -0.689990928453796
    ],
    [
      0.12913840278942404,
      0.129138410749316
    ],
    [
      -0.32481328289250494,
      -0.3248132736384618
    ],
    [
      0.9369202757434613,
      0.9369202790097956
    ],
    [
      -0.8323871118954885,
      -0.8323871064684218
    ],
    [
      0.4961427152221785,
      0.49614272439771756
    ],
    [
      -0.2469293494609552,
      -0.24692934307080558
    ],
    [
      -0.20324870537398465,
      -0.20324869945118576
    ],
    [
      -0.6946959644996161,
      -0.6946959599803317
    ],
    [
      0.689990928453796,
      0.6899909337676999
    ],
    [
      0.6339488433222884,
      0.6339488498267933
    ],
    [
      0.7439903295330437,
      0.7439903353312782
    ],
    [
      0.21115691696011446,
      0.2111569245099077
    ],
    [
      -0.4307001477185086,
      -0.4307001406054027
    ],
    [
      -0.04929437429987062,
      -0.04929436608450345
    ],
    [
      -0.9011478536916312,
      -0.9011478499998868
    ],
    [
      -0.5361129484647019,
      -0.5361129397497159
    ],
    [
      0.8261539456621402,
      0.8261539527326962
    ],
    [
      -0.17335675527535657,
      -0.17335674827597827
    ],
    [
      0.2017157746399629,
      0.2017157837293685
    ],
    [
      -0.6314277021404764,
      -0.6314276970720798
    ],
    [
      -0.7487388118134028,
      -0.7487388068478537
    ],
    [
      0.3343971624517203,
      0.33439716739336606
    ],
    [
      -0.19472625405087193,
      -0.19472624513140832
    ],
    [
      0.9220955594064894,
      0.9220955628061022
    ],
    [
      0.780020618582306,
      0.7800206264075363
    ],
    [
      0.49280627927997184,
      0.4928062888027567
    ],
    [
      0.38562908683578095,
      0.3856290927434769
    ],
    [
      -0.8356646284489994,
      -0.8356646230694138
    ],
    [
      -0.11256263570519205,
      -0.11256262994657376
    ],
    [
      0.5375818846928992,
      0.5375818924983351
    ],
    [
      0.05564399707243801,
      0.05564400945613269
    ],
    [
      -0.3802436541575245,
      -0.38024364827343826
    ],
    [
      -0.9232109801752871,
      -0.9232109765952051
    ],
    [
      -0.834397167041894,
      -0.8343971628031923
    ],
    [
      -0.4395881307968544,
      -0.43958812461850055
    ],
    [
      -0.33248105363821706,
      -0.33248104798165984
    ],
    [
      0.8108262710263971,
      0.810826275223329
    ],
    [
      -0.5509736376444007,
      -0.5509736319827987
    ],
    [
      0.19745583646693257,
      0.19745584252337017
    ],
    [
      0.02357088860115088,
      0.023570894994209318
    ],
    [
      0.9905617617434584,
      0.9905617632990957
    ],
    [
      0.13502520786260291,
      0.1350252147669712
    ],
    [
      0.49999999939999995,
      0.5000000005999999
    ],
    [
      0.634314374614817,
      0.6343143799828181
    ],
    [
      -0.5896145131458169,
      -0.5896145074468976
    ],
    [
      0.49999999939999995,
      0.5000000005999999
    ],
    [
      -0.6343143799828181,
      -0.634314374614817
    ],
    [
      0.5896145074468976,
