{
  "schema_version": 1,
  "kind": "interval_witness",
  "name": "girth5_snarks_n10_to_20_0012",
  "graph": {
    "n": 20,
    "m": 30
  },
  "krawczyk": {
    "certified": true,
    "radius": 1e-05,
    "dps": 50,
    "F_residual_at_center": 1.3363823550460978e-51,
    "max_overshoot": 0.0,
    "n_free_vars": 82
  },
  "candidate_center": [
    -0.7706521331586864,
    0.5435594165566557,
    -0.3326235865517573,
    0.5,
    0.28867513459481287,
    0.816496580927726,
    0.27065213315868636,
    -0.8322345511514686,
    -0.48387299437596876,
    0.4077435189160142,
    -0.8127610995961118,
    0.41613052972030934,
    -0.968759866673544,
    0.20249168003098666,
    0.1431832400837673,
    0.5610163477575298,
    0.6102694195651251,
    -0.5593137698040767,
    0.09872652454106673,
    -0.413821875293031,
    -0.9049886899188305,
    0.6981077335148577,
    0.6297428711204819,
    0.3406897542922015,
    -0.7968342580559243,
    -0.21592099582745092,
    0.564298935626629,
    0.5,
    -0.28867513459481287,
    0.816496580927726,
    0.5,
    0.28867513459481287,
    -0.816496580927726,
    -1.0,
    1.0959991008821041e-51,
    -6.44422340231472e-52,
    -1.2526880045847892e-51,
    0.5773502691896257,
    -0.816496580927726,
    0.5,
    0.28867513459481287,
    0.816496580927726,
    -0.5,
    -0.8660254037844386,
    7.563371870126061e-52,
    -3.9555732563966294e-51,
    0.5773502691896257,
    0.816496580927726,
    0.5,
    0.28867513459481287,
    -0.816496580927726,
    -0.5,
    -0.8660254037844386,
    1.8893181062836607e-51,
    0.5,
    -0.28867513459481287,
    -0.816496580927726,
    0.5,
    0.28867513459481287,
    0.816496580927726,
    -0.11090926086008979,
    0.16265669163912408,
    -0.9804294653469384,
    -0.6597428722985966,
    0.38090272491753163,
    0.6478058787951811,
    0.9077435189160141,
    0.053264304188326846,
    0.41613052972030934,
    -0.5,
    -0.8660254037844386,
    1.1515230134846027e-51,
    -5.308454766100081e-51,
    0.5773502691896257,
    -0.816496580927726,
    0.09872652454106673,
    -0.9911721444826568,
    -0.08849210899110452,
    -1.7345397489166198e-53,
    0.5773502691896257,
    0.816496580927726,
    1.7320508075688772
  ],
  "free_vars": [
    "x_3_0",
    "x_3_1",
    "x_3_2",
    "x_4_0",
    "x_4_1",
    "x_4_2",
    "x_5_0",
    "x_5_1",
    "x_5_2",
    "x_6_0",
    "x_6_1",
    "x_6_2",
    "x_7_0",
    "x_7_1",
    "x_7_2",
    "x_8_0",
    "x_8_1",
    "x_8_2",
    "x_9_0",
    "x_9_1",
    "x_9_2",
    "x_10_0",
    "x_10_1",
    "x_10_2",
    "x_11_0",
    "x_11_1",
    "x_11_2",
    "x_12_0",
    "x_12_1",
    "x_12_2",
    "x_13_0",
    "x_13_1",
    "x_13_2",
    "x_14_0",
    "x_14_1",
    "x_14_2",
    "x_15_0",
    "x_15_1",
    "x_15_2",
    "x_16_0",
    "x_16_1",
    "x_16_2",
    "x_17_0",
    "x_17_1",
    "x_17_2",
    "x_18_0",
    "x_18_1",
    "x_18_2",
    "x_19_0",
    "x_19_1",
    "x_19_2",
    "x_20_0",
    "x_20_1",
    "x_20_2",
    "x_21_0",
    "x_21_1",
    "x_21_2",
    "x_22_0",
    "x_22_1",
    "x_22_2",
    "x_23_0",
    "x_23_1",
    "x_23_2",
    "x_24_0",
    "x_24_1",
    "x_24_2",
    "x_25_0",
    "x_25_1",
    "x_25_2",
    "x_26_0",
    "x_26_1",
    "x_26_2",
    "x_27_0",
    "x_27_1",
    "x_27_2",
    "x_28_0",
    "x_28_1",
    "x_28_2",
    "x_29_0",
    "x_29_1",
    "x_29_2",
    "s"
  ],
  "K_box": [
    [
      -0.7706521379027377,
      -0.770652128414635
    ],
    [
      0.5435594125925689,
      0.5435594205207424
    ],
    [
      -0.3326235927499249,
      -0.3326235803535895
    ],
    [
      0.49999999759999997,
      0.5000000024
    ],
    [
      0.2886751330167221,
      0.2886751361729036
    ],
    [
      0.8164965799411259,
      0.8164965819143261
    ],
    [
      0.2706521282096007,
      0.270652138107772
    ],
    [
      -0.8322345548871277,
      -0.8322345474158093
    ],
    [
      -0.48387299978711057,
      -0.48387298896482694
    ],
    [
      0.40774351284047095,
      0.4077435249915573
    ],
    [
      -0.8127611020248855,
      -0.812761097167338
    ],
    [
      0.4161305239915672,
      0.4161305354490514
    ],
    [
      -0.9687598682559956,
      -0.9687598650910924
    ],
    [
      0.20249167366944115,
      0.20249168639253218
    ],
    [
      0.14318323272861294,
      0.1431832474389216
    ],
    [
      0.5610163416340193,
      0.5610163538810404
    ],
    [
      0.6102694143204471,
      0.6102694248098031
    ],
    [
      -0.5593137730460982,
      -0.5593137665620549
    ],
    [
      0.0987265200330593,
      0.09872652904907415
    ],
    [
      -0.4138218790164319,
      -0.41382187156963
    ],
    [
      -0.9049886921609936,
      -0.9049886876766674
    ],
    [
      0.6981077294199369,
      0.6981077376097783
    ],
    [
      0.6297428671331495,
      0.6297428751078142
    ],
    [
      0.34068975069321017,
      0.34068975789119277
    ],
    [
      -0.7968342623978296,
      -0.796834253714019
    ],
    [
      -0.21592100253011648,
      -0.21592098912478533
    ],
    [
      0.5642989312266297,
      0.5642989400266283
    ],
    [
      0.49999999798333333,
      0.5000000020166666
    ],
    [
      -0.28867513612479107,
      -0.28867513306483467
    ],
    [
      0.8164965799887549,
      0.816496581866697
    ],
    [
      0.4999999980833333,
      0.5000000019166666
    ],
    [
      0.2886751325740869,
      0.2886751366155388
    ],
    [
      -0.8164965819585529,
      -0.816496579896899
    ],
    [
      -1.0000000002999998,
      -0.9999999997
    ],
    [
      -1.2413030787576954e-09,
      1.2413030787576954e-09
    ],
    [
      -1.2349510786531858e-09,
      1.2349510786531858e-09
    ],
    [
      -2.4e-09,
      2.4e-09
    ],
    [
      0.5773502676211575,
      0.577350270758094
    ],
    [
      -0.8164965819143261,
      -0.8164965799411259
    ],
    [
      0.4999999991,
      0.5000000009
    ],
    [
      0.2886751330263446,
      0.2886751361632811
    ],
    [
      0.8164965798220535,
      0.8164965820333985
    ],
    [
      -0.5000000026999999,
      -0.4999999973
    ],
    [
      -0.8660254056896944,
      -0.8660254018791828
    ],
    [
      -1.6023745400706624e-09,
      1.6023745400706624e-09
    ],
    [
      -4.904166666666667e-09,
      4.904166666666667e-09
    ],
    [
      0.5773502672338516,
      0.5773502711453997
    ],
    [
      0.8164965795447849,
      0.816496582310667
    ],
    [
      0.4999999976833333,
      0.5000000023166666
    ],
    [
      0.2886751314193864,
      0.28867513777023934
    ],
    [
      -0.8164965820810274,
      -0.8164965797744246
    ],
    [
      -0.5000000058874999,
      -0.49999999411249996
    ],
    [
      -0.8660254075299985,
      -0.8660254000388787
    ],
    [
      -1.7809831671486026e-09,
      1.7809831671486026e-09
    ],
    [
      0.49999999939999995,
      0.5000000005999999
    ],
    [
      -0.2886751363461087,
      -0.28867513284351703
    ],
    [
      -0.8164965817918515,
      -0.8164965800636004
    ],
    [
      0.49999999939999995,
      0.5000000005999999
    ],
    [
      0.28867513284351703,
      0.2886751363461087
    ],
    [
      0.8164965800636004,
      0.8164965817918515
    ],
    [
      -0.11090926746664105,
      -0.11090925425353852
    ],
    [
      0.16265668703703415,
      0.16265669624121398
    ],
    [
      -0.9804294668846201,
      -0.9804294638092566
    ],
    [
      -0.6597428762614767,
      -0.6597428683357164
    ],
    [
      0.38090271856051566,
      0.38090273127454755
    ],
    [
      0.6478058735727157,
      0.6478058840176464
    ],
    [
      0.9077435163546927,
      0.9077435214773355
    ],
    [
      0.05326429991924909,
      0.05326430845740459
    ],
    [
      0.4161305244377229,
      0.41613053500289565
    ],
    [
      -0.5000000037875,
      -0.49999999621249996
    ],
    [
      -0.8660254057979476,
      -0.8660254017709296
    ],
    [
