{
  "schema_version": 1,
  "kind": "interval_witness",
  "name": "girth5_snarks_n10_to_20_0013",
  "graph": {
    "n": 20,
    "m": 30
  },
  "krawczyk": {
    "certified": true,
    "radius": 1e-05,
    "dps": 50,
    "F_residual_at_center": 2.6727647100921956e-51,
    "max_overshoot": 0.0,
    "n_free_vars": 82
  },
  "candidate_center": [
    -0.3758565853503526,
    0.728550976717253,
    -0.5726650867419018,
    0.609306171491112,
    0.225567187060332,
    0.7601746072479223,
    -0.23344958614075936,
    -0.954118163777585,
    -0.18750952050602054,
    0.6502587510780679,
    -0.43315474782666447,
    0.6241318138675596,
    -0.6952940499720218,
    0.6241173960353433,
    0.35643184487299384,
    0.04503529889395397,
    -0.1909626482086789,
    -0.9805636587405535,
    -0.5192817159393287,
    0.3462471218087038,
    0.7813190322335012,
    0.9287436361127812,
    0.33000076774224163,
    -0.16892232436697333,
    -0.4094619201734525,
    -0.6762478895509454,
    -0.6123967078665279,
    0.8329582121966129,
    -0.09644162115420185,
    0.5448666171122725,
    -0.7906601092610217,
    -0.5827037219883116,
    0.18791743932992921,
    -0.042298102935591206,
    0.6791453431425134,
    -0.7327840564422017,
    -0.10930617149111196,
    0.6404582167241066,
    -0.7601746072479223,
    -0.4577018970644088,
    0.17568623071475892,
    0.8715751957007966,
    0.5670080685555208,
    -0.8161444474388656,
    -0.11140058845287432,
    0.47866016780924125,
    -0.8755425711199888,
    0.0656479238775178,
    -0.8999662807521337,
    0.046560664808628784,
    -0.43346602865939815,
    0.42130611294289244,
    0.82898190631136,
    0.3678181047818803,
    0.5,
    -0.8548315738572724,
    -0.1387911392585949,
    0.5,
    0.8548315738572724,
    0.1387911392585949,
    0.6028035824588887,
    0.7078399794545366,
    -0.368226023605789,
    -0.9786601678092413,
    0.02071099726271641,
    -0.2044390631361127,
    -0.19334166228543617,
    -0.03159208990359112,
    0.9806227314723169,
    0.8436004133635041,
    -0.40156265792307333,
    -0.3564909176047573,
    -0.05294030410248231,
    0.984266379911385,
    0.1685734782748281,
    -0.4663414118368464,
    -0.6380192581026811,
    0.6127455539586731,
    0.332958212196613,
    0.7695837826302367,
    0.5448666171122725,
    1.7320508075688772
  ],
  "free_vars": [
    "x_3_0",
    "x_3_1",
    "x_3_2",
    "x_4_0",
    "x_4_1",
    "x_4_2",
    "x_5_0",
    "x_5_1",
    "x_5_2",
    "x_6_0",
    "x_6_1",
    "x_6_2",
    "x_7_0",
    "x_7_1",
    "x_7_2",
    "x_8_0",
    "x_8_1",
    "x_8_2",
    "x_9_0",
    "x_9_1",
    "x_9_2",
    "x_10_0",
    "x_10_1",
    "x_10_2",
    "x_11_0",
    "x_11_1",
    "x_11_2",
    "x_12_0",
    "x_12_1",
    "x_12_2",
    "x_13_0",
    "x_13_1",
    "x_13_2",
    "x_14_0",
    "x_14_1",
    "x_14_2",
    "x_15_0",
    "x_15_1",
    "x_15_2",
    "x_16_0",
    "x_16_1",
    "x_16_2",
    "x_17_0",
    "x_17_1",
    "x_17_2",
    "x_18_0",
    "x_18_1",
    "x_18_2",
    "x_19_0",
    "x_19_1",
    "x_19_2",
    "x_20_0",
    "x_20_1",
    "x_20_2",
    "x_21_0",
    "x_21_1",
    "x_21_2",
    "x_22_0",
    "x_22_1",
    "x_22_2",
    "x_23_0",
    "x_23_1",
    "x_23_2",
    "x_24_0",
    "x_24_1",
    "x_24_2",
    "x_25_0",
    "x_25_1",
    "x_25_2",
    "x_26_0",
    "x_26_1",
    "x_26_2",
    "x_27_0",
    "x_27_1",
    "x_27_2",
    "x_28_0",
    "x_28_1",
    "x_28_2",
    "x_29_0",
    "x_29_1",
    "x_29_2",
    "s"
  ],
  "K_box": [
    [
      -0.3758565901672683,
      -0.37585658053343685
    ],
    [
      0.7285509745493889,
      0.728550978885117
    ],
    [
      -0.5726650923279769,
      -0.5726650811558265
    ],
    [
      0.6093061680270904,
      0.6093061749551334
    ],
    [
      0.22556718480496007,
      0.2255671893157039
    ],
    [
      0.7601746050313419,
      0.7601746094645024
    ],
    [
      -0.2334495899897776,
      -0.23344958229174106
    ],
    [
      -0.9541181647745364,
      -0.9541181627806334
    ],
    [
      -0.18750952470833585,
      -0.1875095163037052
    ],
    [
      0.6502587390121393,
      0.6502587631439964
    ],
    [
      -0.433154755535206,
      -0.4331547401181229
    ],
    [
      0.6241317962880999,
      0.6241318314470192
    ],
    [
      -0.6952940567759089,
      -0.6952940431681347
    ],
    [
      0.6241173899403516,
      0.624117402130335
    ],
    [
      0.35643182437198745,
      0.3564318653740002
    ],
    [
      0.045035281064539176,
      0.045035316723368746
    ],
    [
      -0.19096266144290555,
      -0.1909626349744522
    ],
    [
      -0.9805636621238715,
      -0.9805636553572353
    ],
    [
      -0.5192817376171209,
      -0.5192816942615364
    ],
    [
      0.34624710576422296,
      0.34624713785318467
    ],
    [
      0.7813190114160791,
      0.7813190530509232
    ],
    [
      0.9287436304364204,
      0.9287436417891419
    ],
    [
      0.33000076196529743,
      0.3300007735191858
    ],
    [
      -0.16892234418886592,
      -0.1689223045450807
    ],
    [
      -0.4094619370320294,
      -0.40946190331487553
    ],
    [
      -0.6762479010553835,
      -0.6762478780465073
    ],
    [
      -0.6123967112872931,
      -0.6123967044457626
    ],
    [
      0.8329582098828738,
      0.8329582145103519
    ],
    [
      -0.09644162249109446,
      -0.09644161981730924
    ],
    [
      0.5448666142350392,
      0.5448666199895056
    ],
    [
      -0.79066011117548,
      -0.7906601073465634
    ],
    [
      -0.5827037245060169,
      -0.5827037194706062
    ],
    [
      0.18791743575423356,
      0.18791744290562482
    ],
    [
      -0.042298106437825944,
      -0.04229809943335647
    ],
    [
      0.6791453408640261,
      0.6791453454210007
    ],
    [
      -0.7327840587457298,
      -0.7327840541386734
    ],
    [
      -0.10930617495513349,
      -0.10930616802709041
    ],
    [
      0.6404582144912524,
      0.6404582189569609
    ],
    [
      -0.7601746094645024,
      -0.7601746050313419
    ],
    [
      -0.4577018999666435,
      -0.45770189416217405
    ],
    [
      0.175686227937573,
      0.17568623349194482
    ],
    [
      0.871575193740545,
      0.871575197661048
    ],
    [
      0.5670080668120451,
      0.5670080702989962
    ],
    [
      -0.8161444489653634,
      -0.8161444459123677
    ],
    [
      -0.11140059212821536,
      -0.11140058477753324
    ],
    [
      0.4786601658046914,
      0.47866016981379106
    ],
    [
      -0.8755425721460711,
      -0.8755425700939063
    ],
    [
      0.06564791692396062,
      0.06564793083107498
    ],
    [
      -0.8999662834156513,
      -0.899966278088616
    ],
    [
      0.04656066294986213,
      0.046560666667395424
    ],
    [
      -0.4334660347715921,
      -0.4334660225472041
    ],
    [
      0.4213061107782409,
      0.42130611510754384
    ],
    [
      0.8289819046755604,
      0.8289819079471594
    ],
    [
      0.3678181001612187,
      0.3678181094025419
    ],
    [
      0.49999999939999995,
      0.5000000005999999
    ],
    [
      -0.8548315747007228,
      -0.8548315730138218
    ],
    [
      -0.13879114295021142,
      -0.1387911355669784
    ],
    [
      0.49999999939999995,
      0.5000000005999999
    ],
    [
      0.8548315730138218,
      0.8548315747007228
    ],
    [
      0.1387911355669784,
      0.13879114295021142
    ],
    [
      0.602803579033455,
      0.6028035858843221
    ],
    [
      0.7078399768513168,
      0.7078399820577562
    ],
    [
      -0.36822602690198875,
      -0.36822602030958923
    ],
    [
      -0.9786601692137911,
      -0.9786601664046913
    ],
    [
      0.02071099593690433,
      0.020710998588528488
    ],
    [
      -0.20443906832601302,
      -0.2044390579462124
    ],
    [
      -0.19334168030227303,
      -0.19334164426859926
    ],
    [
      -0.03159210293682049,
      -0.031592076870361745
    ],
    [
      0.9806227281945512,
