{
  "schema_version": 1,
  "kind": "interval_witness",
  "name": "girth5_snarks_n10_to_20_0016",
  "graph": {
    "n": 20,
    "m": 30
  },
  "krawczyk": {
    "certified": true,
    "radius": 1e-05,
    "dps": 50,
    "F_residual_at_center": 2.6727647100921956e-51,
    "max_overshoot": 0.0,
    "n_free_vars": 82
  },
  "candidate_center": [
    -0.5620534295436243,
    0.8268493761434977,
    -0.020397340742333438,
    0.06495414992822836,
    -0.5398489732435798,
    0.839252074465684,
    0.4970992796153959,
    -0.2870004028999179,
    -0.8188547337233505,
    0.486901034027052,
    0.7101785795625609,
    -0.5085014928138274,
    0.34993661993299546,
    -0.31134953405631877,
    0.8835190035719569,
    -0.8368376539600474,
    -0.39882904550624215,
    -0.37501751075812945,
    -0.2893654026003432,
    0.9560568853692955,
    -0.047147595017171015,
    0.39142209276793855,
    -0.3628075273918618,
    0.8456710018446717,
    -0.10205669016759533,
    -0.5932493579774336,
    -0.7985234068275007,
    0.8576557761800767,
    0.4099037318572824,
    -0.310492351265572,
    -0.8499366199329955,
    0.5250220767590398,
    -0.04426692910627291,
    -0.00771915624708119,
    -0.9349258086163221,
    0.35475928037184495,
    -0.422609926108305,
    -0.7360801623981412,
    -0.5287597232001119,
    0.4454155611921089,
    0.7616365728981039,
    -0.47065349108654225,
    -0.022805635083803892,
    -0.025556410499962656,
    0.9994132142866542,
    -0.9970992796153959,
    0.07332786019719689,
    -0.020397340742333438,
    0.5374568140141581,
    0.26704943294075295,
    -0.7998904759001528,
    0.4596424656012378,
    -0.34037729313794984,
    0.8202878166424863,
    0.5,
    0.21367254270272099,
    0.839252074465684,
    0.5,
    -0.21367254270272099,
    -0.839252074465684,
    -0.5245966155294661,
    0.22787340529981198,
    -0.8202878166424863,
    -0.037456814014158145,
    0.5989759708436857,
    0.7998904759001528,
    0.8444868094606944,
    -0.2234480715528226,
    -0.4867370829988419,
    -0.35758577543364245,
    0.9336266511153835,
    -0.02176440981498552,
    -0.8216811743768905,
    0.24900448205278525,
    -0.5126761312878123,
    0.5323157717765473,
    0.7070524033165102,
    0.46552853627064134,
    0.43504585007177166,
    -0.3261764305408588,
    -0.839252074465684,
    1.7320508075688772
  ],
  "free_vars": [
    "x_3_0",
    "x_3_1",
    "x_3_2",
    "x_4_0",
    "x_4_1",
    "x_4_2",
    "x_5_0",
    "x_5_1",
    "x_5_2",
    "x_6_0",
    "x_6_1",
    "x_6_2",
    "x_7_0",
    "x_7_1",
    "x_7_2",
    "x_8_0",
    "x_8_1",
    "x_8_2",
    "x_9_0",
    "x_9_1",
    "x_9_2",
    "x_10_0",
    "x_10_1",
    "x_10_2",
    "x_11_0",
    "x_11_1",
    "x_11_2",
    "x_12_0",
    "x_12_1",
    "x_12_2",
    "x_13_0",
    "x_13_1",
    "x_13_2",
    "x_14_0",
    "x_14_1",
    "x_14_2",
    "x_15_0",
    "x_15_1",
    "x_15_2",
    "x_16_0",
    "x_16_1",
    "x_16_2",
    "x_17_0",
    "x_17_1",
    "x_17_2",
    "x_18_0",
    "x_18_1",
    "x_18_2",
    "x_19_0",
    "x_19_1",
    "x_19_2",
    "x_20_0",
    "x_20_1",
    "x_20_2",
    "x_21_0",
    "x_21_1",
    "x_21_2",
    "x_22_0",
    "x_22_1",
    "x_22_2",
    "x_23_0",
    "x_23_1",
    "x_23_2",
    "x_24_0",
    "x_24_1",
    "x_24_2",
    "x_25_0",
    "x_25_1",
    "x_25_2",
    "x_26_0",
    "x_26_1",
    "x_26_2",
    "x_27_0",
    "x_27_1",
    "x_27_2",
    "x_28_0",
    "x_28_1",
    "x_28_2",
    "x_29_0",
    "x_29_1",
    "x_29_2",
    "s"
  ],
  "K_box": [
    [
      -0.5620534328948364,
      -0.5620534261924119
    ],
    [
      0.8268493735103961,
      0.8268493787765991
    ],
    [
      -0.020397342363750137,
      -0.020397339120916732
    ],
    [
      0.06495414657694049,
      0.0649541532795162
    ],
    [
      -0.5398489755844931,
      -0.5398489709026664
    ],
    [
      0.8392520732552564,
      0.8392520756761113
    ],
    [
      0.4970992784371113,
      0.4970992807936805
    ],
    [
      -0.28700040478826844,
      -0.28700040101156726
    ],
    [
      -0.818854734933331,
      -0.8188547325133698
    ],
    [
      0.4869010300839999,
      0.48690103797010403
    ],
    [
      0.7101785761258188,
      0.7101785829993029
    ],
    [
      -0.5085014962036777,
      -0.508501489423977
    ],
    [
      0.3499366175544883,
      0.3499366223115026
    ],
    [
      -0.31134953799901244,
      -0.311349530113625
    ],
    [
      0.8835190017716086,
      0.883519005372305
    ],
    [
      -0.8368376572008321,
      -0.8368376507192626
    ],
    [
      -0.3988290502646664,
      -0.39882904074781783
    ],
    [
      -0.37501751458197613,
      -0.3750175069342827
    ],
    [
      -0.2893654089714251,
      -0.2893653962292613
    ],
    [
      0.9560568832283997,
      0.9560568875101911
    ],
    [
      -0.04714759944890649,
      -0.04714759058543553
    ],
    [
      0.39142208869381573,
      0.39142209684206125
    ],
    [
      -0.36280753091808843,
      -0.3628075238656351
    ],
    [
      0.8456709995085253,
      0.845671004180818
    ],
    [
      -0.10205669547809064,
      -0.10205668485710001
    ],
    [
      -0.5932493613096955,
      -0.5932493546451717
    ],
    [
      -0.7985234098436171,
      -0.7985234038113842
    ],
    [
      0.8576557735222332,
      0.85765577883792
    ],
    [
      0.4099037284180441,
      0.4099037352965207
    ],
    [
      -0.3104923554588172,
      -0.31049234707232676
    ],
    [
      -0.8499366222653902,
      -0.8499366176006006
    ],
    [
      0.5250220735001903,
      0.5250220800178891
    ],
    [
      -0.04426693171320365,
      -0.04426692649934217
    ],
    [
      -0.007719161026655373,
      -0.007719151467507007
    ],
    [
      -0.9349258102295159,
      -0.9349258070031283
    ],
    [
      0.3547592768843202,
      0.3547592838593696
    ],
    [
      -0.4226099297350743,
      -0.4226099224815357
    ],
    [
      -0.7360801651732212,
      -0.7360801596230613
    ],
    [
      -0.5287597269784324,
      -0.5287597194217912
    ],
    [
      0.4454155561796483,
      0.44541556620456946
    ],
    [
      0.7616365687890937,
      0.7616365770071141
    ],
    [
      -0.4706534950166662,
      -0.4706534871564183
    ],
    [
      -0.022805639252396474,
      -0.022805630915211306
    ],
    [
      -0.025556415395716958,
      -0.025556405604208347
    ],
    [
      0.9994132138281288,
      0.9994132147451795
    ],
    [
      -0.9970992801936804,
      -0.9970992790371113
    ],
    [
      0.07332785660864102,
      0.07332786378575276
    ],
    [
      -0.020397342271601015,
      -0.020397339213065854
    ],
    [
      0.5374568114749991,
      0.5374568165533171
    ],
    [
      0.2670494311350085,
      0.26704943474649734
    ],
    [
      -0.7998904771535279,
      -0.7998904746467775
    ],
    [
      0.45964246290106636,
      0.45964246830140915
    ],
    [
      -0.34037729655994464,
      -0.340377289715955
    ],
    [
      0.8202878156919005,
      0.8202878175930719
    ],
    [
      0.49999999939999995,
      0.5000000005999999
    ],
    [
      0.21367253932527466,
      0.21367254608016725
    ],
    [
      0.8392520733256276,
      0.8392520756057402
    ],
    [
      0.49999999939999995,
      0.5000000005999999
    ],
    [
      -0.21367254608016725,
      -0.21367253932527466
    ],
    [
      -0.8392520756057402,
      -0.8392520733256276
    ],
    [
      -0.5245966181388892,
      -0.5245966129200429
    ],
    [
      0.22787340147748852,
      0.2278734091221354
    ],
    [
      -0.8202878175938567,
      -0.8202878156911156
    ],
    [
      -0.03745681655331712,
      -0.03745681147499916
    ],
    [
      0.5989759690668087,
      0.5989759726205626
    ],
    [
      0.7998904746467775,
      0.7998904771535279
    ],
    [
      0.8444868070138123,
      0.8444868119075765
    ],
    [
      -0.22344807665108007,
      -0.22344806645456508
    ],
    [
