{
  "schema_version": 1,
  "kind": "interval_witness",
  "name": "girth5_snarks_n10_to_20_0011",
  "graph": {
    "n": 20,
    "m": 30
  },
  "krawczyk": {
    "certified": true,
    "radius": 1e-05,
    "dps": 50,
    "F_residual_at_center": 2.6727647100921956e-51,
    "max_overshoot": 0.0,
    "n_free_vars": 82
  },
  "candidate_center": [
    -0.8944271909999159,
    0.41777457946839347,
    0.15957568972123232,
    0.5854101966249684,
    -0.23936353458184847,
    0.7745966692414834,
    0.30901699437494745,
    -0.17841104488654497,
    -0.9341723589627157,
    0.21956151178188096,
    -0.38179304969719713,
    0.8977899585910775,
    0.08541019662496846,
    0.9834839589756801,
    -0.15957568972123232,
    -0.3049717084068494,
    -0.601690909278483,
    -0.7382142688698451,
    0.7067698217180086,
    0.46750183383366817,
    -0.5309599367851133,
    -0.21809458418857872,
    -0.9570054152123131,
    -0.1912469283463638,
    -0.48867523752942993,
    0.48950358137864486,
    0.7222068651314771,
    0.7387020177599349,
    -0.12215525159099373,
    0.6628705933032041,
    -0.6532918211349664,
    0.7488171207935839,
    0.11172607593827928,
    -0.08541019662496846,
    -0.6266618692025901,
    -0.7745966692414834,
    0.17517023999903114,
    0.47610084432669036,
    -0.8617675864466559,
    -0.6638454775284611,
    0.3702248268250445,
    0.6498020926154172,
    0.48867523752942993,
    -0.8463256711517348,
    0.21196549383123856,
    -0.27303951236492313,
    -0.834525904930055,
    -0.4785560977442434,
    -0.6957776735703873,
    0.6030598224766165,
    0.3901439214898155,
    0.9688171859353105,
    0.23146608245343853,
    0.08841217625442786,
    -0.8090169943749475,
    -0.46708617948135783,
    0.35682208977308993,
    4.1808928715460456e-52,
    0.35682208977308993,
    -0.9341723589627157,
    0.8090169943749475,
    0.11026408970826791,
    0.5773502691896257,
    0.5,
    0.6454972243679028,
    0.5773502691896257,
    0.5,
    -0.6454972243679028,
    -0.5773502691896257,
    -0.5854101966249684,
    -0.3379867346077773,
    0.7369259589108581,
    -0.30901699437494745,
    0.7557613140761708,
    -0.5773502691896257,
    0.9263313334998896,
    0.08570878413647108,
    0.3668300218059641,
    0.9138722577589661,
    0.3539455927356966,
    -0.19889699314345172,
    1.7320508075688772
  ],
  "free_vars": [
    "x_3_0",
    "x_3_1",
    "x_3_2",
    "x_4_0",
    "x_4_1",
    "x_4_2",
    "x_5_0",
    "x_5_1",
    "x_5_2",
    "x_6_0",
    "x_6_1",
    "x_6_2",
    "x_7_0",
    "x_7_1",
    "x_7_2",
    "x_8_0",
    "x_8_1",
    "x_8_2",
    "x_9_0",
    "x_9_1",
    "x_9_2",
    "x_10_0",
    "x_10_1",
    "x_10_2",
    "x_11_0",
    "x_11_1",
    "x_11_2",
    "x_12_0",
    "x_12_1",
    "x_12_2",
    "x_13_0",
    "x_13_1",
    "x_13_2",
    "x_14_0",
    "x_14_1",
    "x_14_2",
    "x_15_0",
    "x_15_1",
    "x_15_2",
    "x_16_0",
    "x_16_1",
    "x_16_2",
    "x_17_0",
    "x_17_1",
    "x_17_2",
    "x_18_0",
    "x_18_1",
    "x_18_2",
    "x_19_0",
    "x_19_1",
    "x_19_2",
    "x_20_0",
    "x_20_1",
    "x_20_2",
    "x_21_0",
    "x_21_1",
    "x_21_2",
    "x_22_0",
    "x_22_1",
    "x_22_2",
    "x_23_0",
    "x_23_1",
    "x_23_2",
    "x_24_0",
    "x_24_1",
    "x_24_2",
    "x_25_0",
    "x_25_1",
    "x_25_2",
    "x_26_0",
    "x_26_1",
    "x_26_2",
    "x_27_0",
    "x_27_1",
    "x_27_2",
    "x_28_0",
    "x_28_1",
    "x_28_2",
    "x_29_0",
    "x_29_1",
    "x_29_2",
    "s"
  ],
  "K_box": [
    [
      -0.8944271919874739,
      -0.8944271900123578
    ],
    [
      0.4177745777471845,
      0.4177745811896023
    ],
    [
      0.15957568802935648,
      0.15957569141310812
    ],
    [
      0.5854101949966259,
      0.5854101982533109
    ],
    [
      -0.23936353588395495,
      -0.23936353327974197
    ],
    [
      0.7745966681409503,
      0.7745966703420163
    ],
    [
      0.3090169926995817,
      0.3090169960503131
    ],
    [
      -0.1784110471952308,
      -0.17841104257785909
    ],
    [
      -0.9341723599434522,
      -0.9341723579819792
    ],
    [
      0.21956150659685236,
      0.2195615169669095
    ],
    [
      -0.3817930520648882,
      -0.3817930473295059
    ],
    [
      0.8977899568546678,
      0.897789960327487
    ],
    [
      0.0854101949360393,
      0.0854101983138976
    ],
    [
      0.9834839583350388,
      0.9834839596163214
    ],
    [
      -0.1595756914122563,
      -0.15957568803020833
    ],
    [
      -0.3049717129753336,
      -0.30497170383836514
    ],
    [
      -0.6016909113574502,
      -0.6016909071995156
    ],
    [
      -0.7382142714504378,
      -0.7382142662892522
    ],
    [
      0.7067698182729346,
      0.7067698251630826
    ],
    [
      0.4675018301012548,
      0.46750183756608155
    ],
    [
      -0.5309599410789203,
      -0.5309599324913062
    ],
    [
      -0.21809458845440535,
      -0.21809457992275205
    ],
    [
      -0.9570054165169728,
      -0.9570054139076533
    ],
    [
      -0.19124693263202364,
      -0.19124692406070393
    ],
    [
      -0.4886752422761642,
      -0.48867523278269565
    ],
    [
      0.4895035776481213,
      0.4895035851091684
    ],
    [
      0.7222068625758699,
      0.7222068676870843
    ],
    [
      0.7387020144195406,
      0.7387020211003291
    ],
    [
      -0.12215525522393522,
      -0.12215524795805223
    ],
    [
      0.6628705898047098,
      0.6628705968016982
    ],
    [
      -0.6532918240668889,
      -0.6532918182030438
    ],
    [
      0.7488171175844326,
      0.748817124002735
    ],
    [
      0.11172607276964788,
      0.11172607910691068
    ],
    [
      -0.0854101982533109,
      -0.08541019499662598
    ],
    [
      -0.626661870497103,
      -0.6266618679080772
    ],
    [
      -0.7745966703420163,
      -0.7745966681409503
    ],
    [
      0.1751702346618873,
      0.17517024533617492
    ],
    [
      0.47610084086967036,
      0.47610084778371026
    ],
    [
      -0.8617675886483788,
      -0.8617675842449327
    ],
    [
      -0.6638454814265661,
      -0.663845473630356
    ],
    [
      0.3702248219423051,
      0.3702248317077838
    ],
    [
      0.6498020891851184,
      0.649802096045716
    ],
    [
      0.48867523273070085,
      0.48867524232815895
    ],
    [
      -0.8463256739120807,
      -0.8463256683913888
    ],
    [
      0.21196549079067084,
      0.21196549687180624
    ],
    [
      -0.27303951620005473,
      -0.2730395085297915
    ],
    [
      -0.834525907311847,
      -0.8345259025482629
    ],
    [
      -0.4785561030732571,
      -0.4785560924152297
    ],
    [
      -0.6957776764155201,
      -0.6957776707252545
    ],
    [
      0.6030598181076545,
      0.6030598268455784
    ],
    [
      0.3901439162039462,
      0.3901439267756848
    ],
    [
      0.9688171846182179,
      0.968817187252403
    ],
    [
      0.23146607790062446,
      0.23146608700625254
    ],
    [
      0.08841217120026071,
      0.088412181308595
    ],
    [
      -0.8090169956636567,
      -0.809016993086238
    ],
    [
      -0.4670861811176541,
      -0.46708617784506157
    ],
    [
      0.3568220883362437,
      0.3568220912099361
    ],
    [
      -2.2187305898749057e-09,
      2.2187305898749057e-09
    ],
    [
      0.35682208804847365,
      0.3568220914977061
    ],
    [
      -0.9341723599426003,
      -0.9341723579828309
    ],
    [
      0.8090169930620081,
      0.8090169956878865
    ],
    [
      0.11026408865686148,
      0.11026409075967435
    ],
    [
      0.577350267790513,
      0.5773502705887384
    ],
    [
      0.49999999939999995,
      0.5000000005999999
    ],
    [
      0.6454972229623409,
      0.6454972257734646
    ],
    [
      0.5773502677913649,
      0.5773502705878866
    ],
    [
      0.49999999939999995,
      0.5000000005999999
    ],
    [
      -0.6454972257734646,
      -0.6454972229623409
    ],
    [
      -0.5773502705878866,
