{
  "schema_version": 1,
  "kind": "interval_witness",
  "name": "girth5_snarks_n10_to_20_0006",
  "graph": {
    "n": 20,
    "m": 30
  },
  "krawczyk": {
    "certified": true,
    "radius": 1e-05,
    "dps": 50,
    "F_residual_at_center": 2.6727647100921956e-51,
    "max_overshoot": 0.0,
    "n_free_vars": 82
  },
  "candidate_center": [
    -0.49745261353007353,
    0.2872044003306708,
    0.8185685858392069,
    0.5322220815837262,
    0.6669894012184071,
    -0.5214065539835457,
    -0.0347694680536527,
    -0.9541938015490778,
    -0.29716203185566115,
    0.8467448589133446,
    -0.44494370839086134,
    0.29163031438313874,
    -0.841663064329146,
    -0.1353405362699179,
    0.5227678503755209,
    -0.005081794584198637,
    0.5802842446607792,
    -0.8143981647586597,
    -0.43619743627841234,
    0.679951708897423,
    0.5894043350295403,
    0.9940699986578566,
    -0.003423687871181355,
    -0.10868816002550497,
    -0.5578725623794442,
    -0.6765280210262417,
    -0.48071617500403535,
    0.8672625357496657,
    0.14298868515467297,
    0.4768751723489048,
    -0.3731925370918091,
    0.7196130307585843,
    -0.5855633323744097,
    -0.49406999865785656,
    -0.8626017159132573,
    0.10868816002550497,
    -0.03735488554312309,
    -0.954621031265146,
    -0.2954713170382693,
    -0.4652305319463473,
    0.7068835106549242,
    -0.5328003889911197,
    0.5025854174894704,
    0.24773752061022183,
    0.828271706029389,
    0.5050817945841987,
    0.28574115912365944,
    0.8143981647586597,
    -0.9991274988316768,
    0.04086110491625947,
    -0.008637776529868408,
    0.49404570424747823,
    -0.3266022640399189,
    -0.8057603882287913,
    0.46690541724795065,
    -0.7078505061346666,
    0.5300443305134142,
    -0.9991785082068751,
    0.03897063399318004,
    -0.011117482793023863,
    0.5322730909589245,
    0.6688798721414865,
    -0.5189268477203903,
    0.5,
    0.2473102908941538,
    0.8299624208467808,
    0.5,
    -0.2473102908941538,
    -0.8299624208467808,
    -0.9966311217369487,
    0.07886474342969707,
    -0.022511317800597817,
    0.49917850820687515,
    0.20833965690097375,
    0.8410799036398048,
    0.4105474226349322,
    0.23500800050656162,
    0.8810346494126791,
    0.025599471420519753,
    0.007648148884755092,
    0.9996430227244256,
    1.7320508075688772
  ],
  "free_vars": [
    "x_3_0",
    "x_3_1",
    "x_3_2",
    "x_4_0",
    "x_4_1",
    "x_4_2",
    "x_5_0",
    "x_5_1",
    "x_5_2",
    "x_6_0",
    "x_6_1",
    "x_6_2",
    "x_7_0",
    "x_7_1",
    "x_7_2",
    "x_8_0",
    "x_8_1",
    "x_8_2",
    "x_9_0",
    "x_9_1",
    "x_9_2",
    "x_10_0",
    "x_10_1",
    "x_10_2",
    "x_11_0",
    "x_11_1",
    "x_11_2",
    "x_12_0",
    "x_12_1",
    "x_12_2",
    "x_13_0",
    "x_13_1",
    "x_13_2",
    "x_14_0",
    "x_14_1",
    "x_14_2",
    "x_15_0",
    "x_15_1",
    "x_15_2",
    "x_16_0",
    "x_16_1",
    "x_16_2",
    "x_17_0",
    "x_17_1",
    "x_17_2",
    "x_18_0",
    "x_18_1",
    "x_18_2",
    "x_19_0",
    "x_19_1",
    "x_19_2",
    "x_20_0",
    "x_20_1",
    "x_20_2",
    "x_21_0",
    "x_21_1",
    "x_21_2",
    "x_22_0",
    "x_22_1",
    "x_22_2",
    "x_23_0",
    "x_23_1",
    "x_23_2",
    "x_24_0",
    "x_24_1",
    "x_24_2",
    "x_25_0",
    "x_25_1",
    "x_25_2",
    "x_26_0",
    "x_26_1",
    "x_26_2",
    "x_27_0",
    "x_27_1",
    "x_27_2",
    "x_28_0",
    "x_28_1",
    "x_28_2",
    "x_29_0",
    "x_29_1",
    "x_29_2",
    "s"
  ],
  "K_box": [
    [
      -0.497452615043029,
      -0.49745261201711793
    ],
    [
      0.2872043969048928,
      0.28720440375644873
    ],
    [
      0.8185685836066962,
      0.8185685880717175
    ],
    [
      0.5322220783845059,
      0.5322220847829464
    ],
    [
      0.6669893986618526,
      0.6669894037749614
    ],
    [
      -0.521406556894907,
      -0.5214065510721845
    ],
    [
      -0.03476947118005901,
      -0.03476946492724638
    ],
    [
      -0.9541938029803299,
      -0.9541938001178258
    ],
    [
      -0.2971620354334069,
      -0.2971620282779153
    ],
    [
      0.8467448567391032,
      0.8467448610875858
    ],
    [
      -0.4449437110588874,
      -0.44494370572283526
    ],
    [
      0.29163031029250464,
      0.29163031847377285
    ],
    [
      -0.84166306634938,
      -0.8416630623089116
    ],
    [
      -0.1353405407605273,
      -0.13534053177930847
    ],
    [
      0.5227678473265023,
      0.5227678534245394
    ],
    [
      -0.005081797556729133,
      -0.005081791611668139
    ],
    [
      0.5802842422985379,
      0.5802842470230204
    ],
    [
      -0.8143981663752049,
      -0.8143981631421142
    ],
    [
      -0.4361974388965399,
      -0.43619743366028474
    ],
    [
      0.6799517062213332,
      0.6799517115735128
    ],
    [
      0.5894043318443728,
      0.5894043382147076
    ],
    [
      0.9940699980334463,
      0.9940699992822667
    ],
    [
      -0.0034236886080547136,
      -0.003423687134307996
    ],
    [
      -0.10868816300485243,
      -0.10868815704615749
    ],
    [
      -0.5578725649673436,
      -0.5578725597915446
    ],
    [
      -0.6765280240177936,
      -0.6765280180346895
    ],
    [
      -0.48071617800671285,
      -0.48071617200135774
    ],
    [
      0.8672625335145973,
      0.867262537984734
    ],
    [
      0.14298868291092423,
      0.14298868739842172
    ],
    [
      0.4768751689291377,
      0.4768751757686718
    ],
    [
      -0.3731925396604394,
      -0.37319253452317874
    ],
    [
      0.7196130289342103,
      0.7196130325829582
    ],
    [
      -0.5855633346427813,
      -0.585563330106038
    ],
    [
      -0.4940699992822667,
      -0.49406999803344637
    ],
    [
      -0.8626017166212631,
      -0.8626017152052514
    ],
    [
      0.10868815704615749,
      0.10868816300485243
    ],
    [
      -0.037354888595115224,
      -0.03735488249113096
    ],
    [
      -0.9546210321615443,
      -0.9546210303687475
    ],
    [
      -0.29547131937429866,
      -0.29547131470223986
    ],
    [
      -0.46523053515201546,
      -0.46523052874067905
    ],
    [
      0.7068835082677712,
      0.7068835130420769
    ],
    [
      -0.5328003916175458,
      -0.5328003863646936
    ],
    [
      0.5025854151396472,
      0.5025854198392935
    ],
    [
      0.2477375176742761,
      0.24773752354616752
    ],
    [
      0.8282717040951315,
      0.8282717079636465
    ],
    [
      0.5050817916116681,
      0.5050817975567291
    ],
    [
      0.285741156757255,
      0.2857411614900638
    ],
    [
      0.8143981631421142,
      0.8143981663752049
    ],
    [
      -0.9991274992853555,
      -0.9991274983779982
    ],
    [
      0.04086110122274195,
      0.040861108609777
    ],
    [
      -0.008637779907011029,
      -0.008637773152725783
    ],
    [
      0.49404570148097815,
      0.49404570701397826
    ],
    [
      -0.32660226857234037,
      -0.32660225950749733
    ],
    [
      -0.8057603908056977,
      -0.8057603856518847
    ],
    [
      0.46690541391928864,
      0.4669054205766126
    ],
    [
      -0.7078505090686521,
      -0.7078505032006809
    ],
    [
      0.5300443267002168,
      0.5300443343266115
    ],
    [
      -0.9991785086661041,
      -0.999178507747646
    ],
    [
      0.038970630288345055,
      0.03897063769801502
    ],
    [
      -0.01111748461277633,
      -0.011117480973271395
    ],
    [
      0.532273088044491,
      0.5322730938733577
    ],
    [
      0.6688798695971506,
      0.6688798746858223
    ],
    [
      -0.5189268504292663,
      -0.5189268450115143
    ],
    [
      0.49999999939999995,
      0.5000000005999999
    ],
    [
      0.24731028725406515,
      0.2473102945342424
    ],
    [
      0.8299624194006534,
      0.8299624222929082
    ],
    [
      0.49999999939999995,
      0.5000000005999999
    ],
    [
      -0.2473102945342424,
      -0.24731028725406515
    ],
    [
