{
  "schema_version": 1,
  "kind": "interval_witness",
  "name": "girth5_snarks_n10_to_20_0001",
  "graph": {
    "n": 18,
    "m": 27
  },
  "krawczyk": {
    "certified": true,
    "radius": 1e-05,
    "dps": 50,
    "F_residual_at_center": 2.6727647100921956e-51,
    "max_overshoot": 0.0,
    "n_free_vars": 73
  },
  "candidate_center": [
    1.8978016390678568e-51,
    -0.35682208977308993,
    -0.9341723589627157,
    -0.7071067811865476,
    -0.28867513459481287,
    0.6454972243679028,
    0.7071067811865476,
    0.6454972243679028,
    0.28867513459481287,
    -2.1115503636385e-51,
    0.35682208977308993,
    0.9341723589627157,
    0.7071067811865476,
    -0.6454972243679028,
    -0.28867513459481287,
    -0.7071067811865476,
    0.28867513459481287,
    -0.6454972243679028,
    -0.30901699437494745,
    -0.7557613140761708,
    -0.5773502691896257,
    0.30901699437494745,
    -0.17841104488654497,
    0.9341723589627157,
    -1.9808274105692902e-51,
    0.9341723589627157,
    -0.35682208977308993,
    0.8090169943749475,
    -0.11026408970826791,
    0.5773502691896257,
    2.7748168340311633e-51,
    -0.35682208977308993,
    -0.9341723589627157,
    -0.8090169943749475,
    0.46708617948135783,
    0.35682208977308993,
    0.8090169943749475,
    0.11026408970826791,
    -0.5773502691896257,
    -0.8090169943749475,
    -0.46708617948135783,
    -0.35682208977308993,
    7.230637350026125e-52,
    0.35682208977308993,
    0.9341723589627157,
    -0.30901699437494745,
    0.7557613140761708,
    0.5773502691896257,
    -1.1824861515745387e-51,
    -0.9341723589627157,
    0.35682208977308993,
    0.30901699437494745,
    0.17841104488654497,
    -0.9341723589627157,
    0.5,
    0.6454972243679028,
    -0.5773502691896257,
    0.5,
    -0.6454972243679028,
    0.5773502691896257,
    0.7071067811865476,
    -0.6454972243679028,
    -0.28867513459481287,
    -0.7071067811865476,
    0.28867513459481287,
    -0.6454972243679028,
    -0.7071067811865476,
    -0.28867513459481287,
    0.6454972243679028,
    0.7071067811865476,
    0.6454972243679028,
    0.28867513459481287,
    1.7320508075688772
  ],
  "free_vars": [
    "x_3_0",
    "x_3_1",
    "x_3_2",
    "x_4_0",
    "x_4_1",
    "x_4_2",
    "x_5_0",
    "x_5_1",
    "x_5_2",
    "x_6_0",
    "x_6_1",
    "x_6_2",
    "x_7_0",
    "x_7_1",
    "x_7_2",
    "x_8_0",
    "x_8_1",
    "x_8_2",
    "x_9_0",
    "x_9_1",
    "x_9_2",
    "x_10_0",
    "x_10_1",
    "x_10_2",
    "x_11_0",
    "x_11_1",
    "x_11_2",
    "x_12_0",
    "x_12_1",
    "x_12_2",
    "x_13_0",
    "x_13_1",
    "x_13_2",
    "x_14_0",
    "x_14_1",
    "x_14_2",
    "x_15_0",
    "x_15_1",
    "x_15_2",
    "x_16_0",
    "x_16_1",
    "x_16_2",
    "x_17_0",
    "x_17_1",
    "x_17_2",
    "x_18_0",
    "x_18_1",
    "x_18_2",
    "x_19_0",
    "x_19_1",
    "x_19_2",
    "x_20_0",
    "x_20_1",
    "x_20_2",
    "x_21_0",
    "x_21_1",
    "x_21_2",
    "x_22_0",
    "x_22_1",
    "x_22_2",
    "x_23_0",
    "x_23_1",
    "x_23_2",
    "x_24_0",
    "x_24_1",
    "x_24_2",
    "x_25_0",
    "x_25_1",
    "x_25_2",
    "x_26_0",
    "x_26_1",
    "x_26_2",
    "s"
  ],
  "K_box": [
    [
      -3.3290227960106913e-09,
      3.3290227960106913e-09
    ],
    [
      -0.3568220943821085,
      -0.35682208516407127
    ],
    [
      -0.934172361044344,
      -0.9341723568810874
    ],
    [
      -0.7071067840033224,
      -0.7071067783697725
    ],
    [
      -0.2886751393217905,
      -0.2886751298678352
    ],
    [
      0.6454972214593263,
      0.6454972272764792
    ],
    [
      0.7071067785551827,
      0.7071067838179123
    ],
    [
      0.6454972214258192,
      0.6454972273099863
    ],
    [
      0.2886751309073091,
      0.2886751382823166
    ],
    [
      -3.3290227960106913e-09,
      3.3290227960106913e-09
    ],
    [
      0.3568220852006428,
      0.356822094345537
    ],
    [
      0.9341723571282196,
      0.9341723607972118
    ],
    [
      0.7071067785551827,
      0.7071067838179123
    ],
    [
      -0.6454972281361894,
      -0.6454972205996161
    ],
    [
      -0.2886751382631822,
      -0.28867513092644354
    ],
    [
      -0.7071067840033224,
      -0.7071067783697725
    ],
    [
      0.2886751313994887,
      0.28867513779013704
    ],
    [
      -0.6454972275418037,
      -0.6454972211940018
    ],
    [
      -0.3090169963792164,
      -0.30901699237067837
    ],
    [
      -0.7557613154464909,
      -0.7557613127058505
    ],
    [
      -0.5773502714832162,
      -0.5773502668960353
    ],
    [
      0.30901699189723586,
      0.30901699685265893
    ],
    [
      -0.17841104750742712,
      -0.1784110422656628
    ],
    [
      0.9341723574264914,
      0.9341723604989399
    ],
    [
      -3.362353755671639e-09,
      3.362353755671639e-09
    ],
    [
      0.9341723574641931,
      0.9341723604612381
    ],
    [
      -0.35682209294427847,
      -0.35682208660190134
    ],
    [
      0.8090169923706784,
      0.8090169963792164
    ],
    [
      -0.1102640910963535,
      -0.11026408832018231
    ],
    [
      0.5773502668960353,
      0.5773502714832162
    ],
    [
      -3.459895986652572e-09,
      3.459895986652572e-09
    ],
    [
      -0.35682209242891666,
      -0.35682208711726315
    ],
    [
      -0.9341723602643874,
      -0.9341723576610439
    ],
    [
      -0.8090169962562327,
      -0.8090169924936621
    ],
    [
      0.46708617730721164,
      0.46708618165550403
    ],
    [
      0.3568220880759549,
      0.3568220914702249
    ],
    [
      0.8090169923706784,
      0.8090169963792164
    ],
    [
      0.11026408832018231,
      0.1102640910963535
    ],
    [
      -0.5773502714832162,
      -0.5773502668960353
    ],
    [
      -0.8090169962562327,
      -0.8090169924936621
    ],
    [
      -0.46708618165550403,
      -0.46708617730721164
    ],
    [
      -0.3568220914702249,
      -0.3568220880759549
    ],
    [
      -3.459895986652572e-09,
      3.459895986652572e-09
    ],
    [
      0.35682208711726315,
      0.35682209242891666
    ],
    [
      0.9341723576610439,
      0.9341723602643874
    ],
    [
      -0.3090169963792164,
      -0.30901699237067837
    ],
    [
      0.7557613127058505,
      0.7557613154464909
    ],
    [
      0.5773502668960353,
      0.5773502714832162
    ],
    [
      -3.362353755671639e-09,
      3.362353755671639e-09
    ],
    [
      -0.9341723604612381,
      -0.9341723574641931
    ],
    [
      0.35682208660190134,
      0.35682209294427847
    ],
    [
      0.30901699189723586,
      0.30901699685265893
    ],
    [
      0.1784110422656628,
      0.17841104750742712
    ],
    [
      -0.9341723604989399,
      -0.9341723574264914
    ],
    [
      0.49999999939999995,
      0.5000000005999999
    ],
    [
      0.6454972230511018,
      0.6454972256847037
    ],
    [
      -0.5773502704886488,
      -0.5773502678906025
    ],
    [
      0.49999999939999995,
      0.5000000005999999
    ],
    [
      -0.6454972256847037,
      -0.6454972230511018
    ],
    [
      0.5773502678906025,
      0.5773502704886488
    ],
    [
      0.7071067785551827,
      0.7071067838179123
    ],
    [
      -0.6454972273099863,
      -0.6454972214258192
    ],
    [
      -0.2886751382823166,
      -0.2886751309073091
    ],
    [
      -0.7071067840033224,
      -0.7071067783697725
    ],
    [
      0.2886751298678352,
      0.2886751393217905
    ],
    [
      -0.6454972272764792,
      -0.6454972214593263
    ],
    [
      -0.7071067840033224,
      -0.7071067783697725
    ],
    [
      -0.28867513779013704,
      -0.2886751313994887
    ],
    [
      0.6454972211940018,
      0.6454972275418037
    ],
    [
      0.7071067785551827,
      0.7071067838179123
    ],
    [
      0.6454972205996161,
      0.6454972281361894
    ],
    [
      0.28867513092644354,
      0.2886751382631822
    ],
    [
      1.7320508075111423,
      1.7320508076266121
    ]
  ]
}