{
  "schema_version": 1,
  "kind": "interval_witness",
  "name": "girth5_snarks_n10_to_20_0010",
  "graph": {
    "n": 20,
    "m": 30
  },
  "krawczyk": {
    "certified": true,
    "radius": 1e-05,
    "dps": 50,
    "F_residual_at_center": 2.6727647100921956e-51,
    "max_overshoot": 0.0,
    "n_free_vars": 82
  },
  "candidate_center": [
    0.3524536914569652,
    -0.7801255444309922,
    0.5168950863614457,
    -0.9463580962985033,
    0.29727133362124686,
    0.12663375449428196,
    0.5939044048415381,
    0.4828542108097454,
    -0.6435288408557276,
    0.9958509413315747,
    0.08711295665717306,
    -0.026310367376036856,
    -0.5693271276053937,
    0.8104270821727176,
    0.1381107028930306,
    -0.42652381372618103,
    -0.8975400388298906,
    -0.11180033551699374,
    -0.5273026428398705,
    0.03185776427883015,
    -0.8490800938128525,
    -0.4721899289848459,
    -0.031564800485235744,
    0.8809315151222673,
    0.9994925718247164,
    -0.0002929637935944071,
    -0.031851421309414756,
    0.8486613067106191,
    0.06860655073741485,
    -0.5244684239190562,
    -0.3491687348859028,
    0.7971258892534294,
    0.49261700260964153,
    -0.49949257182471635,
    -0.8657324399908443,
    0.031851421309414756,
    -0.11937956360580144,
    -0.9160966101894326,
    0.3827734585792479,
    0.4463580962985033,
    0.11693587136267788,
    -0.8871811832187534,
    -0.3269785326927019,
    0.7991607388267548,
    0.5044077246395056,
    0.19285574987962043,
    -0.8474688324248967,
    -0.49457379409624164,
    0.17670325464464393,
    0.05675357249173681,
    0.9826265780078489,
    -0.3695590045242644,
    0.7907152599331599,
    -0.48805278391160734,
    -0.07347618627381898,
    0.483332833845966,
    0.8723477642414652,
    -0.770607659486182,
    -0.5396077833014822,
    -0.3390977371521214,
    0.8440838457600011,
    0.05627494945551622,
    -0.5332500270893439,
    0.5,
    0.4142072049839247,
    -0.7605474287244715,
    0.5,
    -0.4142072049839247,
    0.7605474287244715,
    -0.5171053130672991,
    -0.8554356882822709,
    0.028842302449838302,
    0.8695590045242644,
    0.07531014385127872,
    0.48805278391160734,
    0.4685482984917042,
    0.11897072093600321,
    -0.8753904611888894,
    0.27933417910522546,
    0.8790336329101325,
    -0.38635772102602567,
    1.7320508075688772
  ],
  "free_vars": [
    "x_3_0",
    "x_3_1",
    "x_3_2",
    "x_4_0",
    "x_4_1",
    "x_4_2",
    "x_5_0",
    "x_5_1",
    "x_5_2",
    "x_6_0",
    "x_6_1",
    "x_6_2",
    "x_7_0",
    "x_7_1",
    "x_7_2",
    "x_8_0",
    "x_8_1",
    "x_8_2",
    "x_9_0",
    "x_9_1",
    "x_9_2",
    "x_10_0",
    "x_10_1",
    "x_10_2",
    "x_11_0",
    "x_11_1",
    "x_11_2",
    "x_12_0",
    "x_12_1",
    "x_12_2",
    "x_13_0",
    "x_13_1",
    "x_13_2",
    "x_14_0",
    "x_14_1",
    "x_14_2",
    "x_15_0",
    "x_15_1",
    "x_15_2",
    "x_16_0",
    "x_16_1",
    "x_16_2",
    "x_17_0",
    "x_17_1",
    "x_17_2",
    "x_18_0",
    "x_18_1",
    "x_18_2",
    "x_19_0",
    "x_19_1",
    "x_19_2",
    "x_20_0",
    "x_20_1",
    "x_20_2",
    "x_21_0",
    "x_21_1",
    "x_21_2",
    "x_22_0",
    "x_22_1",
    "x_22_2",
    "x_23_0",
    "x_23_1",
    "x_23_2",
    "x_24_0",
    "x_24_1",
    "x_24_2",
    "x_25_0",
    "x_25_1",
    "x_25_2",
    "x_26_0",
    "x_26_1",
    "x_26_2",
    "x_27_0",
    "x_27_1",
    "x_27_2",
    "x_28_0",
    "x_28_1",
    "x_28_2",
    "x_29_0",
    "x_29_1",
    "x_29_2",
    "s"
  ],
  "K_box": [
    [
      0.3524536893145769,
      0.3524536935993535
    ],
    [
      -0.7801255463131853,
      -0.780125542548799
    ],
    [
      0.5168950829085623,
      0.5168950898143289
    ],
    [
      -0.9463580975853539,
      -0.9463580950116526
    ],
    [
      0.2972713309144334,
      0.2972713363280602
    ],
    [
      0.126633752168739,
      0.12663375681982486
    ],
    [
      0.593904402899612,
      0.593904406783464
    ],
    [
      0.4828542076347875,
      0.4828542139847032
    ],
    [
      -0.6435288437055753,
      -0.6435288380058799
    ],
    [
      0.995850940565715,
      0.9958509420974343
    ],
    [
      0.08711295241019144,
      0.08711296090415466
    ],
    [
      -0.026310380456374162,
      -0.026310354295699546
    ],
    [
      -0.5693271318207013,
      -0.5693271233900861
    ],
    [
      0.8104270799507924,
      0.8104270843946427
    ],
    [
      0.13811068965667117,
      0.13811071612939
    ],
    [
      -0.426523818076887,
      -0.42652380937547496
    ],
    [
      -0.8975400410715437,
      -0.8975400365882376
    ],
    [
      -0.1118003400082023,
      -0.11180033102578517
    ],
    [
      -0.5273026533240814,
      -0.5273026323556594
    ],
    [
      0.03185776064479134,
      0.031857767912868956
    ],
    [
      -0.8490801005250943,
      -0.8490800871006107
    ],
    [
      -0.4721899401669083,
      -0.4721899178027834
    ],
    [
      -0.03156480385678058,
      -0.03156479711369091
    ],
    [
      0.8809315087879449,
      0.8809315214565896
    ],
    [
      0.9994925711126817,
      0.9994925725367508
    ],
    [
      -0.0002929645204462236,
      -0.00029296306674259055
    ],
    [
      -0.03185143423653933,
      -0.031851408382290176
    ],
    [
      0.8486612953245884,
      0.8486613180966498
    ],
    [
      0.06860654827039044,
      0.06860655320443927
    ],
    [
      -0.5244684420387044,
      -0.5244684057994081
    ],
    [
      -0.34916874555989896,
      -0.3491687242119066
    ],
    [
      0.797125887209574,
      0.7971258912972846
    ],
    [
      0.4926169961948958,
      0.4926170090243872
    ],
    [
      -0.49949257253675083,
      -0.4994925711126818
    ],
    [
      -0.8657324406888285,
      -0.8657324392928599
    ],
    [
      0.031851408382290176,
      0.03185143423653933
    ],
    [
      -0.11937956604775303,
      -0.11937956116384985
    ],
    [
      -0.916096611758468,
      -0.9160966086203971
    ],
    [
      0.38277345516013167,
      0.38277346199836404
    ],
    [
      0.44635809441165264,
      0.44635809818535394
    ],
    [
      0.11693586755951116,
      0.11693587516584458
    ],
    [
      -0.8871811848098445,
      -0.8871811816276622
    ],
    [
      -0.3269785362530505,
      -0.3269785291323532
    ],
    [
      0.7991607364497845,
      0.7991607412037248
    ],
    [
      0.5044077215233557,
      0.5044077277556553
    ],
    [
      0.1928557461403513,
      0.1928557536188895
    ],
    [
      -0.8474688343403863,
      -0.847468830509407
    ],
    [
      -0.4945737971576842,
      -0.494573791034799
    ],
    [
      0.1767032499795347,
      0.1767032593097531
    ],
    [
      0.056753569066884044,
      0.056753575916589576
    ],
    [
      0.9826265769754541,
      0.9826265790402438
    ],
    [
      -0.3695590063893235,
      -0.36955900265920516
    ],
    [
      0.7907152583296205,
      0.7907152615366992
    ],
    [
      -0.4880527870860239,
      -0.4880527807371908
    ],
    [
      -0.073476191224525,
      -0.07347618132311294
    ],
    [
      0.4833328301275656,
      0.48333283756436624
    ],
    [
      0.8723477615638808,
      0.8723477669190494
    ],
    [
      -0.7706076633003911,
      -0.7706076556719729
    ],
    [
      -0.5396077878136422,
      -0.5396077787893221
    ],
    [
      -0.33909774049285674,
      -0.3390977338113859
    ],
    [
      0.8440838433669084,
      0.8440838481530935
    ],
    [
      0.05627494579849286,
      0.05627495311253957
    ],
    [
      -0.5332500310023092,
      -0.5332500231763784
    ],
    [
      0.49999999939999995,
      0.5000000005999999
    ],
    [
      0.41420720163026475,
      0.4142072083375846
    ],
    [
      -0.760547430898796,
      -0.7605474265501468
    ],
    [
      0.49999999939999995,
      0.5000000005999999
    ],
    [
      -0.4142072083375846,
      -0.41420720163026475
    ],
    [
