{
  "schema_version": 1,
  "kind": "interval_witness",
  "name": "girth5_snarks_n10_to_20_0003",
  "graph": {
    "n": 18,
    "m": 27
  },
  "krawczyk": {
    "certified": true,
    "radius": 1e-05,
    "dps": 50,
    "F_residual_at_center": 2.6727647100921956e-51,
    "max_overshoot": 0.0,
    "n_free_vars": 73
  },
  "candidate_center": [
    0.5,
    -0.28867513459481287,
    0.816496580927726,
    -0.5,
    0.8660254037844386,
    -1.3743898417641072e-51,
    1.4653872437407817e-53,
    -0.5773502691896257,
    -0.816496580927726,
    0.5,
    0.6735753140545634,
    0.5443310539518174,
    -0.9952184359179939,
    0.059220440603954795,
    -0.07767370355284571,
    0.4952184359179939,
    -0.7327957546585182,
    -0.46665735039897166,
    -0.4170934359179939,
    0.7381360028680812,
    -0.5302719179666734,
    0.44632281197266466,
    0.20122479234382754,
    0.8719544314119844,
    -0.02922937605467074,
    -0.9393607952119087,
    -0.341682513445311,
    -0.04889562394532926,
    -0.6055801708366563,
    0.7942807278591386,
    -0.5,
    0.8660254037844386,
    -1.2473372578667716e-51,
    0.5488956239453293,
    -0.2604452329477823,
    -0.7942807278591386,
    1.0,
    4.247965893172312e-52,
    1.3743898417641072e-51,
    -0.5,
    -0.6735753140545634,
    -0.5443310539518174,
    -0.5,
    0.6735753140545634,
    0.5443310539518174,
    0.5,
    -0.28867513459481287,
    0.816496580927726,
    0.5,
    0.28867513459481287,
    -0.816496580927726,
    0.5,
    0.6735753140545634,
    0.5443310539518174,
    5.793326961827444e-52,
    -0.9622504486493763,
    0.2721655269759087,
    0.578125,
    0.6789155622641264,
    -0.45259821441382764,
    -0.078125,
    -0.005340248209563003,
    0.996929268365645,
    -0.9952184359179939,
    0.059220440603954795,
    -0.07767370355284571,
    0.578125,
    0.6789155622641264,
    -0.45259821441382764,
    -0.5488956239453293,
    0.2604452329477823,
    0.7942807278591386,
    1.7320508075688772
  ],
  "free_vars": [
    "x_3_0",
    "x_3_1",
    "x_3_2",
    "x_4_0",
    "x_4_1",
    "x_4_2",
    "x_5_0",
    "x_5_1",
    "x_5_2",
    "x_6_0",
    "x_6_1",
    "x_6_2",
    "x_7_0",
    "x_7_1",
    "x_7_2",
    "x_8_0",
    "x_8_1",
    "x_8_2",
    "x_9_0",
    "x_9_1",
    "x_9_2",
    "x_10_0",
    "x_10_1",
    "x_10_2",
    "x_11_0",
    "x_11_1",
    "x_11_2",
    "x_12_0",
    "x_12_1",
    "x_12_2",
    "x_13_0",
    "x_13_1",
    "x_13_2",
    "x_14_0",
    "x_14_1",
    "x_14_2",
    "x_15_0",
    "x_15_1",
    "x_15_2",
    "x_16_0",
    "x_16_1",
    "x_16_2",
    "x_17_0",
    "x_17_1",
    "x_17_2",
    "x_18_0",
    "x_18_1",
    "x_18_2",
    "x_19_0",
    "x_19_1",
    "x_19_2",
    "x_20_0",
    "x_20_1",
    "x_20_2",
    "x_21_0",
    "x_21_1",
    "x_21_2",
    "x_22_0",
    "x_22_1",
    "x_22_2",
    "x_23_0",
    "x_23_1",
    "x_23_2",
    "x_24_0",
    "x_24_1",
    "x_24_2",
    "x_25_0",
    "x_25_1",
    "x_25_2",
    "x_26_0",
    "x_26_1",
    "x_26_2",
    "s"
  ],
  "K_box": [
    [
      0.49999999806989803,
      0.5000000019301019
    ],
    [
      -0.2886751368413934,
      -0.28867513234823233
    ],
    [
      0.8164965792624131,
      0.8164965825930388
    ],
    [
      -0.5000000002999999,
      -0.4999999997
    ],
    [
      0.8660254032648234,
      0.8660254043040538
    ],
    [
      -2.2740892455692614e-09,
      2.2740892455692614e-09
    ],
    [
      -1.6301019624783593e-09,
      1.6301019624783593e-09
    ],
    [
      -0.577350270916591,
      -0.5773502674626604
    ],
    [
      -0.8164965820264004,
      -0.8164965798290515
    ],
    [
      0.4999999973859024,
      0.5000000026140975
    ],
    [
      0.673575311116375,
      0.6735753169927516
    ],
    [
      0.544331050961706,
      0.5443310569419286
    ],
    [
      -0.9952184367357957,
      -0.995218435100192
    ],
    [
      0.05922043629436792,
      0.059220444913541656
    ],
    [
      -0.07767370905260967,
      -0.07767369805308172
    ],
    [
      0.4952184333979669,
      0.4952184384380208
    ],
    [
      -0.7327957574622664,
      -0.7327957518547699
    ],
    [
      -0.4666573544615604,
      -0.46665734633638284
    ],
    [
      -0.41709344033126006,
      -0.41709343150472766
    ],
    [
      0.7381360004382884,
      0.7381360052978738
    ],
    [
      -0.5302719209371739,
      -0.5302719149961727
    ],
    [
      0.446322806763509,
      0.4463228171818202
    ],
    [
      0.2012247887527732,
      0.20122479593488185
    ],
    [
      0.8719544282976163,
      0.8719544345263524
    ],
    [
      -0.029229380797051265,
      -0.029229371312290215
    ],
    [
      -0.9393607965947224,
      -0.939360793829095
    ],
    [
      -0.34168251642934916,
      -0.3416825104612728
    ],
    [
      -0.04889562815368792,
      -0.04889561973697059
    ],
    [
      -0.6055801733823813,
      -0.6055801682909312
    ],
    [
      0.7942807257239881,
      0.794280729994289
    ],
    [
      -0.5000000010301019,
      -0.499999998969898
    ],
    [
      0.8660254030137244,
      0.8660254045551528
    ],
    [
      -1.0402075435374169e-09,
      1.0402075435374169e-09
    ],
    [
      0.5488956193764125,
      0.5488956285142459
    ],
    [
      -0.2604452356288247,
      -0.2604452302667399
    ],
    [
      -0.794280730641462,
      -0.7942807250768151
    ],
    [
      0.9999999997,
      1.0000000002999998
    ],
    [
      -5.484827557301445e-10,
      5.484827557301445e-10
    ],
    [
      -2.2740892455692614e-09,
      2.2740892455692614e-09
    ],
    [
      -0.5000000018457114,
      -0.4999999981542885
    ],
    [
      -0.673575315887589,
      -0.6735753122215377
    ],
    [
      -0.544331056039781,
      -0.5443310518638536
    ],
    [
      -0.5000000019457114,
      -0.4999999980542886
    ],
    [
      0.6735753125484455,
      0.6735753155606812
    ],
    [
      0.544331051199829,
      0.5443310567038055
    ],
    [
      0.49999999939999995,
      0.5000000005999999
    ],
    [
      -0.2886751361614945,
      -0.28867513302813125
    ],
    [
      0.8164965802513459,
      0.8164965816041061
    ],
    [
      0.49999999939999995,
      0.5000000005999999
    ],
    [
      0.28867513302813125,
      0.2886751361614945
    ],
    [
      -0.8164965816041061,
      -0.8164965802513459
    ],
    [
      0.49999999795663264,
      0.5000000020433673
    ],
    [
      0.6735753120828867,
      0.67357531602624
    ],
    [
      0.5443310514783466,
      0.544331056425288
    ],
    [
      -2.1457114241141984e-09,
      2.1457114241141984e-09
    ],
    [
      -0.9622504496306122,
      -0.9622504476681403
    ],
    [
      0.27216552403743827,
      0.27216552991437903
    ],
    [
      0.5781249963267737,
      0.5781250036732262
    ],
    [
      0.678915559891549,
      0.6789155646367038
    ],
    [
      -0.4525982179075232,
      -0.4525982109201321
    ],
    [
      -0.07812500452530001,
      -0.07812499547469998
    ],
    [
      -0.005340251680668706,
      -0.0053402447384573
    ],
    [
      0.9969292677139415,
      0.9969292690173485
    ],
    [
      -0.9952184366847671,
      -0.9952184351512205
    ],
    [
      0.05922043701774041,
      0.05922044419016917
    ],
    [
      -0.07767370828173936,
      -0.07767369882395203
    ],
    [
      0.5781249960959953,
      0.5781250039040046
    ],
    [
      0.6789155598129689,
      0.6789155647152837
    ],
    [
      -0.4525982170860693,
      -0.452598211741586
    ],
    [
      -0.5488956281536879,
      -0.5488956197369705
    ],
    [
      0.260445230387608,
      0.2604452355079566
    ],
    [
      0.7942807257239881,
      0.794280729994289
    ],
    [
      1.7320508075111423,
      1.7320508076266121
    ]
  ]
}