{
  "schema_version": 1,
  "kind": "interval_witness",
  "name": "girth5_snarks_n10_to_20_0002",
  "graph": {
    "n": 18,
    "m": 27
  },
  "krawczyk": {
    "certified": true,
    "radius": 1e-05,
    "dps": 50,
    "F_residual_at_center": 2.6727647100921956e-51,
    "max_overshoot": 0.0,
    "n_free_vars": 73
  },
  "candidate_center": [
    0.8944271909999159,
    0.15957568972123232,
    0.41777457946839347,
    -0.08541019662496846,
    -0.6266618692025901,
    -0.7745966692414834,
    -0.8090169943749475,
    0.46708617948135783,
    0.35682208977308993,
    0.14721359549995794,
    -0.43140397050404883,
    -0.8900667230794085,
    -0.7326237921249263,
    0.6707675050858973,
    0.11547005383792515,
    0.5854101966249684,
    -0.23936353458184847,
    0.7745966692414834,
    0.05278640450004206,
    -0.546874024341974,
    0.8355491589367869,
    0.8090169943749475,
    0.11026408970826791,
    -0.5773502691896257,
    -0.8618033988749895,
    0.43660993463370606,
    -0.25819888974716115,
    -0.16180339887498948,
    -0.8303431948071297,
    -0.5332446333063185,
    -0.7,
    0.33278077047812005,
    0.6318678333322474,
    0.8618033988749895,
    0.4975624243290096,
    -0.09862320002592881,
    0.5,
    0.6454972243679028,
    -0.5773502691896257,
    0.08541019662496846,
    0.049311600012964404,
    0.9951248486580192,
    -0.5854101966249684,
    -0.6948088243808672,
    -0.41777457946839347,
    0.30901699437494745,
    0.17841104488654497,
    -0.9341723589627157,
    -0.30901699437494745,
    0.7557613140761708,
    0.5773502691896257,
    9.014811907663102e-52,
    -0.9341723589627157,
    0.35682208977308993,
    0.5,
    -0.6454972243679028,
    0.5773502691896257,
    0.5,
    0.6454972243679028,
    -0.5773502691896257,
    0.08541019662496846,
    0.049311600012964404,
    0.9951248486580192,
    0.8090169943749475,
    0.11026408970826791,
    -0.5773502691896257,
    0.2,
    -0.9782779948460228,
    -0.05451756414262164,
    -0.8944271909999159,
    -0.15957568972123232,
    -0.41777457946839347,
    1.7320508075688772
  ],
  "free_vars": [
    "x_3_0",
    "x_3_1",
    "x_3_2",
    "x_4_0",
    "x_4_1",
    "x_4_2",
    "x_5_0",
    "x_5_1",
    "x_5_2",
    "x_6_0",
    "x_6_1",
    "x_6_2",
    "x_7_0",
    "x_7_1",
    "x_7_2",
    "x_8_0",
    "x_8_1",
    "x_8_2",
    "x_9_0",
    "x_9_1",
    "x_9_2",
    "x_10_0",
    "x_10_1",
    "x_10_2",
    "x_11_0",
    "x_11_1",
    "x_11_2",
    "x_12_0",
    "x_12_1",
    "x_12_2",
    "x_13_0",
    "x_13_1",
    "x_13_2",
    "x_14_0",
    "x_14_1",
    "x_14_2",
    "x_15_0",
    "x_15_1",
    "x_15_2",
    "x_16_0",
    "x_16_1",
    "x_16_2",
    "x_17_0",
    "x_17_1",
    "x_17_2",
    "x_18_0",
    "x_18_1",
    "x_18_2",
    "x_19_0",
    "x_19_1",
    "x_19_2",
    "x_20_0",
    "x_20_1",
    "x_20_2",
    "x_21_0",
    "x_21_1",
    "x_21_2",
    "x_22_0",
    "x_22_1",
    "x_22_2",
    "x_23_0",
    "x_23_1",
    "x_23_2",
    "x_24_0",
    "x_24_1",
    "x_24_2",
    "x_25_0",
    "x_25_1",
    "x_25_2",
    "x_26_0",
    "x_26_1",
    "x_26_2",
    "s"
  ],
  "K_box": [
    [
      0.8944271899734135,
      0.8944271920264181
    ],
    [
      0.15957568793090293,
      0.15957569151156167
    ],
    [
      0.4177745777157699,
      0.4177745812210169
    ],
    [
      -0.0854101982508109,
      -0.08541019499912599
    ],
    [
      -0.6266618704956597,
      -0.6266618679095206
    ],
    [
      -0.7745966703059319,
      -0.7745966681770347
    ],
    [
      -0.8090169955476737,
      -0.809016993202221
    ],
    [
      0.46708617789074763,
      0.46708618107196803
    ],
    [
      0.35682208838917495,
      0.35682209115700486
    ],
    [
      0.14721359198931708,
      0.14721359901059877
    ],
    [
      -0.43140397341482445,
      -0.4314039675932732
    ],
    [
      -0.890066724546475,
      -0.890066721612342
    ],
    [
      -0.7326237946224724,
      -0.7326237896273803
    ],
    [
      0.6707675023583711,
      0.6707675078134234
    ],
    [
      0.11547005176493168,
      0.11547005591091862
    ],
    [
      0.5854101949991259,
      0.5854101982508109
    ],
    [
      -0.23936353588539833,
      -0.2393635332782986
    ],
    [
      0.7745966681770347,
      0.7745966703059319
    ],
    [
      0.052786401509866535,
      0.05278640749021758
    ],
    [
      -0.5468740270983108,
      -0.5468740215856371
    ],
    [
      0.8355491570870615,
      0.8355491607865122
    ],
    [
      0.8090169921589524,
      0.8090169965909424
    ],
    [
      0.1102640860834649,
      0.11026409333307091
    ],
    [
      -0.5773502722083275,
      -0.5773502661709239
    ],
    [
      -0.8618034003330757,
      -0.8618033974169031
    ],
    [
      0.43660993195418796,
      0.4366099373132242
    ],
    [
      -0.2581988929754998,
      -0.2581988865188224
    ],
    [
      -0.16180340208891825,
      -0.1618033956610607
    ],
    [
      -0.8303431966720529,
      -0.8303431929422063
    ],
    [
      -0.5332446361382396,
      -0.5332446304743975
    ],
    [
      -0.7000000028198254,
      -0.6999999971801745
    ],
    [
      0.33278076740404733,
      0.33278077355219277
    ],
    [
      0.6318678305801647,
      0.63186783608433
    ],
    [
      0.8618033974309651,
      0.8618034003190138
    ],
    [
      0.4975624216631867,
      0.49756242699483244
    ],
    [
      -0.09862320387509335,
      -0.09862319617676425
    ],
    [
      0.49999999658499666,
      0.5000000034150033
    ],
    [
      0.6454972217858203,
      0.6454972269499852
    ],
    [
      -0.5773502711531684,
      -0.5773502672260831
    ],
    [
      0.08541019314133842,
      0.08541020010859848
    ],
    [
      0.04931159693061267,
      0.04931160309531613
    ],
    [
      0.9951248480986256,
      0.9951248492174127
    ],
    [
      -0.5854101983091468,
      -0.58541019494079
    ],
    [
      -0.694808825714035,
      -0.6948088230476993
    ],
    [
      -0.41777458121476196,
      -0.41777457772202486
    ],
    [
      0.30901699270097494,
      0.30901699604891986
    ],
    [
      0.17841104324940935,
      0.17841104652368056
    ],
    [
      -0.9341723599670854,
      -0.9341723579583459
    ],
    [
      -0.3090169956673951,
      -0.3090169930824997
    ],
    [
      0.7557613129302254,
      0.755761315222116
    ],
    [
      0.5773502676990993,
      0.5773502706801522
    ],
    [
      -1.6760254915624214e-09,
      1.6760254915624214e-09
    ],
    [
      -0.9341723597524434,
      -0.9341723581729878
    ],
    [
      0.3568220883800904,
      0.35682209116608943
    ],
    [
      0.49999999939999995,
      0.5000000005999999
    ],
    [
      -0.6454972258509243,
      -0.6454972228848812
    ],
    [
      0.5773502677047623,
      0.5773502706744891
    ],
    [
      0.49999999939999995,
      0.5000000005999999
    ],
    [
      0.6454972228848812,
      0.6454972258509243
    ],
    [
      -0.5773502706744891,
      -0.5773502677047623
    ],
    [
      0.08541019478296036,
      0.08541019846697653
    ],
    [
      0.04931159810444999,
      0.049311601921478806
    ],
    [
      0.9951248481769397,
      0.9951248491390986
    ],
    [
      0.8090169930824996,
      0.809016995667395
    ],
    [
      0.1102640885334551,
      0.11026409088308073
    ],
    [
      -0.5773502706801522,
      -0.5773502676990993
    ],
    [
      0.19999999638377872,
      0.20000000361622125
    ],
    [
      -0.9782779958899593,
      -0.9782779938020862
    ],
    [
      -0.05451756713194197,
      -0.05451756115330131
    ],
    [
      -0.894427192632961,
      -0.8944271893668706
    ],
    [
      -0.15957569277537542,
      -0.15957568666708918
    ],
    [
      -0.4177745824500104,
      -0.4177745764867764
    ],
    [
      1.7320508075111423,
      1.7320508076266121
    ]
  ]
}