{
  "schema_version": 1,
  "kind": "interval_witness",
  "name": "girth5_snarks_n10_to_20_0015",
  "graph": {
    "n": 20,
    "m": 30
  },
  "krawczyk": {
    "certified": true,
    "radius": 1e-05,
    "dps": 50,
    "F_residual_at_center": 2.6727647100921956e-51,
    "max_overshoot": 0.0,
    "n_free_vars": 82
  },
  "candidate_center": [
    -0.005617524279759831,
    0.6733916081378576,
    -0.7392646248201494,
    -0.49438231592863496,
    -0.8627820323736137,
    -0.10579834738924752,
    0.4999998402083948,
    0.18939042423575614,
    0.845062972209397,
    -0.06999546349625382,
    -0.8981169124701112,
    0.4341504884542909,
    -0.3920176160460443,
    0.8036817453408848,
    0.4476805121014376,
    0.4620130795422981,
    0.09443516712922634,
    -0.8818310005557285,
    -0.11987051429054478,
    -0.5942995570518927,
    0.7952603952741796,
    0.8920176160460442,
    0.062343658443553863,
    -0.4476805121014376,
    -0.7721471017554995,
    0.5319558986083389,
    -0.34757988317274197,
    0.4948520252335617,
    -0.8676319072412587,
    0.04833576997564316,
    -0.6100776393064803,
    0.2698277052973731,
    0.74498206922864,
    0.11522561407291856,
    0.5978042019438856,
    -0.7933178392042831,
    0.49953029069507326,
    0.8643885358304338,
    0.05746257741360436,
    -0.9999998402083947,
    -0.0005516936076199646,
    0.00012335861638859943,
    0.5004695495133216,
    -0.8638368422228139,
    -0.05758593602999296,
    0.6311685167549187,
    -0.440787677068726,
    -0.638226078440667,
    -0.9573681793246719,
    -0.2867785426493553,
    0.0347021136600465,
    0.32619966256975325,
    0.7275662197180813,
    0.6035239647806205,
    0.5,
    -0.18883873062813616,
    -0.8451863308257855,
    0.5,
    0.18883873062813616,
    0.8451863308257855,
    0.821051687803315,
    0.5371209856331252,
    -0.19332659606952185,
    -0.8266692120830748,
    0.13627062250473249,
    -0.5459380287506276,
    0.14097858500058083,
    -0.0911682215396129,
    0.985805961613409,
    -0.21097404849683465,
    -0.8069486909304983,
    -0.5516554731591181,
    -0.6152256140729185,
    -0.7866429325720218,
    -0.0518684916215024,
    0.4953550997823738,
    0.192343375520129,
    0.847128886895682,
    0.9943823159286349,
    -0.0032433714108248907,
    0.10579834738924752,
    1.7320508075688772
  ],
  "free_vars": [
    "x_3_0",
    "x_3_1",
    "x_3_2",
    "x_4_0",
    "x_4_1",
    "x_4_2",
    "x_5_0",
    "x_5_1",
    "x_5_2",
    "x_6_0",
    "x_6_1",
    "x_6_2",
    "x_7_0",
    "x_7_1",
    "x_7_2",
    "x_8_0",
    "x_8_1",
    "x_8_2",
    "x_9_0",
    "x_9_1",
    "x_9_2",
    "x_10_0",
    "x_10_1",
    "x_10_2",
    "x_11_0",
    "x_11_1",
    "x_11_2",
    "x_12_0",
    "x_12_1",
    "x_12_2",
    "x_13_0",
    "x_13_1",
    "x_13_2",
    "x_14_0",
    "x_14_1",
    "x_14_2",
    "x_15_0",
    "x_15_1",
    "x_15_2",
    "x_16_0",
    "x_16_1",
    "x_16_2",
    "x_17_0",
    "x_17_1",
    "x_17_2",
    "x_18_0",
    "x_18_1",
    "x_18_2",
    "x_19_0",
    "x_19_1",
    "x_19_2",
    "x_20_0",
    "x_20_1",
    "x_20_2",
    "x_21_0",
    "x_21_1",
    "x_21_2",
    "x_22_0",
    "x_22_1",
    "x_22_2",
    "x_23_0",
    "x_23_1",
    "x_23_2",
    "x_24_0",
    "x_24_1",
    "x_24_2",
    "x_25_0",
    "x_25_1",
    "x_25_2",
    "x_26_0",
    "x_26_1",
    "x_26_2",
    "x_27_0",
    "x_27_1",
    "x_27_2",
    "x_28_0",
    "x_28_1",
    "x_28_2",
    "x_29_0",
    "x_29_1",
    "x_29_2",
    "s"
  ],
  "K_box": [
    [
      -0.005617526022621135,
      -0.005617522536898527
    ],
    [
      0.6733916035541949,
      0.6733916127215203
    ],
    [
      -0.7392646292308375,
      -0.7392646204094613
    ],
    [
      -0.49438231682992456,
      -0.49438231502734525
    ],
    [
      -0.8627820332515942,
      -0.8627820314956333
    ],
    [
      -0.10579835321306334,
      -0.10579834156543168
    ],
    [
      0.49999983930753367,
      0.4999998411092558
    ],
    [
      0.18939041881462135,
      0.18939042965689087
    ],
    [
      0.8450629702359159,
      0.8450629741828779
    ],
    [
      -0.06999546838489788,
      -0.06999545860760974
    ],
    [
      -0.8981169151772597,
      -0.8981169097629625
    ],
    [
      0.4341504840664155,
      0.4341504928421662
    ],
    [
      -0.39201762046596,
      -0.39201761162612847
    ],
    [
      0.8036817424648416,
      0.8036817482169278
    ],
    [
      0.44768050429401607,
      0.4476805199088591
    ],
    [
      0.4620130717105448,
      0.4620130873740514
    ],
    [
      0.09443516154603467,
      0.09443517271241798
    ],
    [
      -0.8818310045668578,
      -0.8818309965445991
    ],
    [
      -0.11987052308772811,
      -0.11987050549336144
    ],
    [
      -0.5942995608706567,
      -0.5942995532331287
    ],
    [
      0.7952603929858765,
      0.7952603975624826
    ],
    [
      0.8920176116261285,
      0.89201762046596
    ],
    [
      0.06234365553864325,
      0.06234366134846446
    ],
    [
      -0.4476805199088591,
      -0.44768050429401607
    ],
    [
      -0.7721471064477193,
      -0.7721470970632796
    ],
    [
      0.5319558958256957,
      0.531955901390982
    ],
    [
      -0.34757989258655275,
      -0.3475798737589312
    ],
    [
      0.49485202376214504,
      0.4948520267049783
    ],
    [
      -0.867631907930674,
      -0.8676319065518433
    ],
    [
      0.048335766515637583,
      0.048335773435648724
    ],
    [
      -0.6100776434080696,
      -0.6100776352048908
    ],
    [
      0.26982770246765686,
      0.2698277081270892
    ],
    [
      0.7449820653933221,
      0.7449820730639577
    ],
    [
      0.11522560936299246,
      0.11522561878284465
    ],
    [
      0.5978041992486633,
      0.5978042046391078
    ],
    [
      -0.7933178415262775,
      -0.7933178368822887
    ],
    [
      0.49953028911336056,
      0.49953029227678586
    ],
    [
      0.8643885349456913,
      0.8643885367151761
    ],
    [
      0.057462570497221366,
      0.05746258432998735
    ],
    [
      -0.9999998405094154,
      -0.9999998399073741
    ],
    [
      -0.0005516956195044173,
      -0.0005516915957355116
    ],
    [
      0.00012335728201729774,
      0.00012335995075990112
    ],
    [
      0.5004695476472364,
      0.5004695513794066
    ],
    [
      -0.8638368439084865,
      -0.8638368405371412
    ],
    [
      -0.057585942607039586,
      -0.05758592945294633
    ],
    [
      0.6311685128750292,
      0.631168520634808
    ],
    [
      -0.4407876835561168,
      -0.44078767058133517
    ],
    [
      -0.6382260859163796,
      -0.6382260709649544
    ],
    [
      -0.9573681817178904,
      -0.9573681769314533
    ],
    [
      -0.28677854879481635,
      -0.2867785365038943
    ],
    [
      0.034702106487859846,
      0.03470212083223316
    ],
    [
      0.32619965976447746,
      0.3261996653750289
    ],
    [
      0.7275662161420287,
      0.7275662232941339
    ],
    [
      0.6035239614236538,
      0.6035239681375871
    ],
    [
      0.49999999939999995,
      0.5000000005999999
    ],
    [
      -0.18883873546215432,
      -0.18883872579411798
    ],
    [
      -0.8451863321841276,
      -0.8451863294674434
    ],
    [
      0.49999999939999995,
      0.5000000005999999
    ],
    [
      0.18883872579411798,
      0.18883873546215432
    ],
    [
      0.8451863294674434,
      0.8451863321841276
    ],
    [
      0.8210516859468915,
      0.8210516896597382
    ],
    [
      0.5371209822917977,
      0.5371209889744525
    ],
    [
      -0.19332659918610298,
      -0.19332659295294072
    ],
    [
      -0.8266692139638299,
      -0.8266692102023195
    ],
    [
      0.1362706182102929,
      0.13627062679917204
    ],
    [
      -0.5459380322925937,
      -0.5459380252086613
    ],
    [
      0.14097857691643456,
      0.1409785930847271
    ],
    [
      -0.09116822739134518,
      -0.0911682156878806
    ],
    [
