{
  "schema_version": 1,
  "kind": "interval_witness",
  "name": "Blanusa-1",
  "graph": {
    "n": 18,
    "m": 27
  },
  "krawczyk": {
    "certified": true,
    "radius": 1e-05,
    "dps": 50,
    "F_residual_at_center": 2.6727647100921956e-51,
    "max_overshoot": 0.0,
    "n_free_vars": 73
  },
  "candidate_center": [
    0.5,
    -0.750471823441113,
    0.43219444954900915,
    0.5,
    0.750471823441113,
    -0.43219444954900915,
    -0.08156051294490434,
    -0.15345271896214474,
    0.9847843143406018,
    0.5815605129449043,
    -0.5970191044789682,
    -0.5525898647915926,
    0.8222538213896398,
    -0.101014670195624,
    0.5600845379185215,
    -0.9038143343345441,
    -0.05243804876652073,
    0.4246997764220803,
    0.8979384866336563,
    -0.05892524221595917,
    -0.43615856067701997,
    -0.07568466524401649,
    -0.04208942797966484,
    0.9962430985955415,
    0.3979384866336562,
    0.8071001615684795,
    -0.43615856067701997,
    -0.11721145845999147,
    0.14648591333879288,
    -0.9822440385153688,
    0.5151499450936476,
    0.6606142482296866,
    0.5460854778383488,
    0.30710387629599206,
    0.854868308800241,
    -0.4181953894688365,
    -0.42431533475598354,
    -0.7083823954614481,
    -0.5640486490465323,
    -0.596710458038552,
    0.8024302600337202,
    0.006504386953243769,
    0.2331567628097147,
    0.8009592669327827,
    -0.551454600733908,
    -0.8298672208482667,
    0.0014709931009375496,
    0.5579589876871517,
    -0.6290926088624395,
    0.31948405761338416,
    -0.708641253671798,
    0.8622493716721542,
    0.4814752093193985,
    0.1571866529378901,
    -0.11394266376879177,
    0.9800983058430708,
    -0.16255577583344916,
    -0.02595780382841362,
    0.35194995408225616,
    -0.9356588172201998,
    -0.08798485994037815,
    0.6281483517608146,
    0.7731030413867507,
    -0.8558250246766803,
    0.3534209471831937,
    -0.3776998295330482,
    -0.274264511731776,
    -0.2435981572957745,
    -0.9302896943246408,
    0.5879848599403782,
    0.23787705202362402,
    -0.7731030413867507,
    1.7320508075688772
  ],
  "free_vars": [
    "x_3_0",
    "x_3_1",
    "x_3_2",
    "x_4_0",
    "x_4_1",
    "x_4_2",
    "x_5_0",
    "x_5_1",
    "x_5_2",
    "x_6_0",
    "x_6_1",
    "x_6_2",
    "x_7_0",
    "x_7_1",
    "x_7_2",
    "x_8_0",
    "x_8_1",
    "x_8_2",
    "x_9_0",
    "x_9_1",
    "x_9_2",
    "x_10_0",
    "x_10_1",
    "x_10_2",
    "x_11_0",
    "x_11_1",
    "x_11_2",
    "x_12_0",
    "x_12_1",
    "x_12_2",
    "x_13_0",
    "x_13_1",
    "x_13_2",
    "x_14_0",
    "x_14_1",
    "x_14_2",
    "x_15_0",
    "x_15_1",
    "x_15_2",
    "x_16_0",
    "x_16_1",
    "x_16_2",
    "x_17_0",
    "x_17_1",
    "x_17_2",
    "x_18_0",
    "x_18_1",
    "x_18_2",
    "x_19_0",
    "x_19_1",
    "x_19_2",
    "x_20_0",
    "x_20_1",
    "x_20_2",
    "x_21_0",
    "x_21_1",
    "x_21_2",
    "x_22_0",
    "x_22_1",
    "x_22_2",
    "x_23_0",
    "x_23_1",
    "x_23_2",
    "x_24_0",
    "x_24_1",
    "x_24_2",
    "x_25_0",
    "x_25_1",
    "x_25_2",
    "x_26_0",
    "x_26_1",
    "x_26_2",
    "s"
  ],
  "K_box": [
    [
      0.49999999939999995,
      0.5000000005999999
    ],
    [
      -0.7504718255196894,
      -0.7504718213625364
    ],
    [
      0.43219444653904787,
      0.4321944525589703
    ],
    [
      0.49999999939999995,
      0.5000000005999999
    ],
    [
      0.7504718213625364,
      0.7504718255196894
    ],
    [
      -0.4321944525589703,
      -0.43219444653904787
    ],
    [
      -0.08156051580834951,
      -0.08156051008145915
    ],
    [
      -0.15345272418147274,
      -0.1534527137428167
    ],
    [
      0.9847843131242685,
      0.9847843155569349
    ],
    [
      0.5815605099233695,
      0.5815605159664391
    ],
    [
      -0.5970191081799998,
      -0.5970191007779365
    ],
    [
      -0.5525898675455284,
      -0.5525898620376567
    ],
    [
      0.8222538197924191,
      0.8222538229868603
    ],
    [
      -0.10101467278386124,
      -0.10101466760738675
    ],
    [
      0.5600845358154692,
      0.5600845400215736
    ],
    [
      -0.9038143358178,
      -0.9038143328512881
    ],
    [
      -0.052438053382050806,
      -0.05243804415099065
    ],
    [
      0.42469977371390893,
      0.42469977913025153
    ],
    [
      0.8979384853308497,
      0.8979384879364626
    ],
    [
      -0.058925243340749084,
      -0.05892524109116924
    ],
    [
      -0.43615856268819336,
      -0.4361585586658465
    ],
    [
      -0.07568466790526461,
      -0.07568466258276833
    ],
    [
      -0.04208943118943116,
      -0.042089424769898506
    ],
    [
      0.996243098035711,
      0.9962430991553719
    ],
    [
      0.39793848533084974,
      0.39793848793646264
    ],
    [
      0.8071001604686694,
      0.8071001626682894
    ],
    [
      -0.43615856268819336,
      -0.4361585586658465
    ],
    [
      -0.11721146113188083,
      -0.1172114557881021
    ],
    [
      0.14648591062192412,
      0.14648591605566164
    ],
    [
      -0.9822440393649475,
      -0.98224403766579
    ],
    [
      0.5151499431011723,
      0.5151499470861229
    ],
    [
      0.660614246249053,
      0.6606142502103202
    ],
    [
      0.546085475840243,
      0.5460854798364546
    ],
    [
      0.30710387305605297,
      0.3071038795359311
    ],
    [
      0.8548683064581832,
      0.8548683111422986
    ],
    [
      -0.41819539245115384,
      -0.4181953864865191
    ],
    [
      -0.42431533758005524,
      -0.42431533193191173
    ],
    [
      -0.708382397310463,
      -0.708382393612433
    ],
    [
      -0.5640486515421094,
      -0.5640486465509552
    ],
    [
      -0.5967104618044902,
      -0.5967104542726138
    ],
    [
      0.8024302571144771,
      0.8024302629529633
    ],
    [
      0.006504384662215974,
      0.006504389244271562
    ],
    [
      0.23315675885446752,
      0.23315676676496186
    ],
    [
      0.8009592642690692,
      0.8009592695964961
    ],
    [
      -0.5514546031101203,
      -0.5514545983576954
    ],
    [
      -0.8298672231756359,
      -0.8298672185208975
    ],
    [
      0.0014709882361213429,
      0.0014709979657537562
    ],
    [
      0.5579589846960138,
      0.5579589906782895
    ],
    [
      -0.6290926123000767,
      -0.629092605424802
    ],
    [
      0.3194840550289171,
      0.31948406019785125
    ],
    [
      -0.7086412570005582,
      -0.7086412503430377
    ],
    [
      0.8622493700315568,
      0.8622493733127514
    ],
    [
      0.4814752068737069,
      0.4814752117650901
    ],
    [
      0.15718665045187677,
      0.1571866554239034
    ],
    [
      -0.11394266621737621,
      -0.11394266132020732
    ],
    [
      0.980098305036462,
      0.9800983066496795
    ],
    [
      -0.16255577845984273,
      -0.16255577320705558
    ],
    [
      -0.02595780782108295,
      -0.02595779983574429
    ],
    [
      0.35194995159620157,
      0.3519499565683107
    ],
    [
      -0.9356588185174304,
      -0.9356588159229692
    ],
    [
      -0.0879848626527627,
      -0.08798485722799358
    ],
    [
      0.6281483498153116,
      0.6281483537063174
    ],
    [
      0.7731030396440316,
      0.7731030431294698
    ],
    [
      -0.8558250272016382,
      -0.8558250221517224
    ],
    [
      0.3534209428493425,
      0.3534209515170449
    ],
    [
      -0.37769983255628536,
      -0.37769982650981093
    ],
    [
      -0.2742645149799147,
      -0.27426450848363726
    ],
    [
      -0.24359816041186136,
      -0.2435981541796876
    ],
    [
      -0.9302896955444213,
      -0.9302896931048602
    ],
    [
      0.5879848572279935,
      0.5879848626527626
    ],
    [
      0.2378770500733007,
      0.23787705397394734
    ],
    [
      -0.7731030431294698,
      -0.7731030396440316
    ],
    [
      1.7320508075111423,
      1.7320508076266121
    ]
  ]
}