{
  "schema_version": 1,
  "kind": "interval_witness",
  "name": "Blanusa-2",
  "graph": {
    "n": 18,
    "m": 27
  },
  "krawczyk": {
    "certified": true,
    "radius": 1e-05,
    "dps": 50,
    "F_residual_at_center": 2.6727647100921956e-51,
    "max_overshoot": 0.0,
    "n_free_vars": 73
  },
  "candidate_center": [
    0.5,
    0.3872983346207417,
    0.7745966692414834,
    0.5,
    -0.3872983346207417,
    -0.7745966692414834,
    0.30901699437494745,
    0.7557613140761708,
    0.5773502691896257,
    -0.8090169943749475,
    0.11026408970826791,
    -0.5773502691896257,
    6.296610390168524e-52,
    0.9341723589627157,
    -0.35682208977308993,
    0.30901699437494745,
    -0.17841104488654497,
    0.9341723589627157,
    0.30901699437494745,
    0.17841104488654497,
    -0.9341723589627157,
    -0.30901699437494745,
    0.7557613140761708,
    0.5773502691896257,
    0.8090169943749475,
    0.5657093795072866,
    -0.15957568972123232,
    2.078973321582211e-52,
    0.6759734692155546,
    -0.7369259589108581,
    -0.8090169943749475,
    -0.11026408970826791,
    0.5773502691896257,
    0.5,
    0.8660254037844386,
    -8.29764048097081e-52,
    -0.8090169943749475,
    0.5657093795072866,
    -0.15957568972123232,
    -0.5,
    0.3872983346207417,
    0.7745966692414834,
    -0.9006826258346635,
    0.41085300971859423,
    -0.14131741550406396,
    0.7304588110154099,
    0.15561967801794488,
    -0.6649905572438941,
    0.1702238148192536,
    -0.5664726877365391,
    0.8063079727479581,
    -0.4006826258346635,
    0.023554675097852525,
    -0.9159140847455474,
    -0.6311414368500734,
    0.7339604008643463,
    -0.2509235275016532,
    0.2304588110154099,
    -0.7104057257664937,
    -0.6649905572438941,
    -0.2304588110154099,
    0.7104057257664937,
    0.6649905572438941,
    -0.4006826258346635,
    0.023554675097852525,
    -0.9159140847455474,
    -0.9006826258346635,
    0.41085300971859423,
    -0.14131741550406396,
    -0.7304588110154099,
    -0.15561967801794488,
    0.6649905572438941,
    1.7320508075688772
  ],
  "free_vars": [
    "x_3_0",
    "x_3_1",
    "x_3_2",
    "x_4_0",
    "x_4_1",
    "x_4_2",
    "x_5_0",
    "x_5_1",
    "x_5_2",
    "x_6_0",
    "x_6_1",
    "x_6_2",
    "x_7_0",
    "x_7_1",
    "x_7_2",
    "x_8_0",
    "x_8_1",
    "x_8_2",
    "x_9_0",
    "x_9_1",
    "x_9_2",
    "x_10_0",
    "x_10_1",
    "x_10_2",
    "x_11_0",
    "x_11_1",
    "x_11_2",
    "x_12_0",
    "x_12_1",
    "x_12_2",
    "x_13_0",
    "x_13_1",
    "x_13_2",
    "x_14_0",
    "x_14_1",
    "x_14_2",
    "x_15_0",
    "x_15_1",
    "x_15_2",
    "x_16_0",
    "x_16_1",
    "x_16_2",
    "x_17_0",
    "x_17_1",
    "x_17_2",
    "x_18_0",
    "x_18_1",
    "x_18_2",
    "x_19_0",
    "x_19_1",
    "x_19_2",
    "x_20_0",
    "x_20_1",
    "x_20_2",
    "x_21_0",
    "x_21_1",
    "x_21_2",
    "x_22_0",
    "x_22_1",
    "x_22_2",
    "x_23_0",
    "x_23_1",
    "x_23_2",
    "x_24_0",
    "x_24_1",
    "x_24_2",
    "x_25_0",
    "x_25_1",
    "x_25_2",
    "x_26_0",
    "x_26_1",
    "x_26_2",
    "s"
  ],
  "K_box": [
    [
      0.49999999939999995,
      0.5000000005999999
    ],
    [
      0.38729833166687594,
      0.3872983375746074
    ],
    [
      0.7745966674373913,
      0.7745966710455754
    ],
    [
      0.49999999939999995,
      0.5000000005999999
    ],
    [
      -0.3872983375746074,
      -0.38729833166687594
    ],
    [
      -0.7745966710455754,
      -0.7745966674373913
    ],
    [
      0.3090169922200975,
      0.3090169965297973
    ],
    [
      0.7557613124249662,
      0.755761315727375
    ],
    [
      0.5773502665761203,
      0.5773502718031311
    ],
    [
      -0.8090169965297973,
      -0.8090169922200975
    ],
    [
      0.1102640880387381,
      0.1102640913777977
    ],
    [
      -0.5773502718031311,
      -0.5773502665761203
    ],
    [
      -3.0895164914060364e-09,
      3.0895164914060364e-09
    ],
    [
      0.9341723577668313,
      0.9341723601586001
    ],
    [
      -0.3568220920632007,
      -0.3568220874829791
    ],
    [
      0.30901699017323414,
      0.30901699857666065
    ],
    [
      -0.17841104757738044,
      -0.17841104219570947
    ],
    [
      0.934172357355639,
      0.9341723605697924
    ],
    [
      0.30901699169695523,
      0.30901699705293956
    ],
    [
      0.1784110423637208,
      0.1784110474093691
    ],
    [
      -0.934172360308931,
      -0.9341723576165003
    ],
    [
      -0.30901699677342825,
      -0.30901699197646654
    ],
    [
      0.7557613125513986,
      0.7557613156009428
    ],
    [
      0.5773502674186802,
      0.5773502709605712
    ],
    [
      0.8090169922768012,
      0.8090169964730934
    ],
    [
      0.5657093770743581,
      0.5657093819402151
    ],
    [
      -0.15957569248214606,
      -0.15957568696031857
    ],
    [
      -3.5012527050868693e-09,
      3.5012527050868693e-09
    ],
    [
      0.6759734671841939,
      0.6759734712469151
    ],
    [
      -0.7369259607532098,
      -0.7369259570685063
    ],
    [
      -0.8090169967447883,
      -0.8090169920051064
    ],
    [
      -0.11026409226329033,
      -0.1102640871532455
    ],
    [
      0.5773502662300141,
      0.5773502721492374
    ],
    [
      0.4999999980125442,
      0.5000000019874558
    ],
    [
      0.8660254025189925,
      0.8660254050498847
    ],
    [
      -1.908616863931981e-09,
      1.908616863931981e-09
    ],
    [
      -0.8090169964595576,
      -0.8090169922903372
    ],
    [
      0.5657093773439056,
      0.5657093816706675
    ],
    [
      -0.1595756930886013,
      -0.1595756863538633
    ],
    [
      -0.5000000023011235,
      -0.4999999976988764
    ],
    [
      0.3872983323915657,
      0.3872983368499176
    ],
    [
      0.7745966671397093,
      0.7745966713432574
    ],
    [
      -0.9006826273594054,
      -0.9006826243099215
    ],
    [
      0.4108530074064783,
      0.41085301203071006
    ],
    [
      -0.14131741774527068,
      -0.1413174132628572
    ],
    [
      0.7304588089929248,
      0.7304588130378948
    ],
    [
      0.15561967653323916,
      0.1556196795026506
    ],
    [
      -0.6649905591029663,
      -0.6649905553848219
    ],
    [
      0.1702238117674847,
      0.17022381787102253
    ],
    [
      -0.566472689373812,
      -0.566472686099266
    ],
    [
      0.8063079714486288,
      0.8063079740472873
    ],
    [
      -0.40068262795940546,
      -0.4006826237099215
    ],
    [
      0.02355467146358159,
      0.023554678732123458
    ],
    [
      -0.915914085985514,
      -0.9159140835055805
    ],
    [
      -0.6311414395257996,
      -0.6311414341743472
    ],
    [
      0.7339603982351683,
      0.7339604034935242
    ],
    [
      -0.25092353026081804,
      -0.2509235247424883
    ],
    [
      0.23045880851718253,
      0.23045881351363726
    ],
    [
      -0.7104057277256449,
      -0.7104057238073425
    ],
    [
      -0.6649905593888332,
      -0.6649905550989549
    ],
    [
      -0.2304588130378949,
      -0.2304588089929249
    ],
    [
      0.7104057243041708,
      0.7104057272288166
    ],
    [
      0.6649905553848219,
      0.6649905591029663
    ],
    [
      -0.40068262903600166,
      -0.40068262263332527
    ],
    [
      0.02355467211149238,
      0.023554678084212667
    ],
    [
      -0.9159140861959487,
      -0.9159140832951458
    ],
    [
      -0.9006826273730584,
      -0.9006826242962686
    ],
    [
      0.4108530070586498,
      0.41085301237853855
    ],
    [
      -0.14131741851648277,
      -0.14131741249164512
    ],
    [
      -0.7304588135073354,
      -0.7304588085234842
    ],
    [
      -0.15561968023241826,
      -0.15561967580347147
    ],
    [
      0.6649905545981327,
      0.6649905598896554
    ],
    [
      1.7320508075111423,
      1.7320508076266121
    ]
  ]
}