{
  "schema_version": 1,
  "kind": "interval_witness",
  "name": "J_5",
  "graph": {
    "n": 20,
    "m": 30
  },
  "krawczyk": {
    "certified": true,
    "radius": 1e-05,
    "dps": 50,
    "F_residual_at_center": 2.6727647100921956e-51,
    "max_overshoot": 0.0,
    "n_free_vars": 82
  },
  "candidate_center": [
    -0.40386764600846686,
    0.6787578152678435,
    -0.6133341281230026,
    -0.0053134338957133535,
    -0.9676676785240337,
    -0.2521726221463055,
    0.4091810799041802,
    0.28890986325619017,
    0.8655067502693081,
    -0.4738301306829329,
    -0.7028291510563885,
    0.5305809944601775,
    -0.5190855563674032,
    0.6073873702587237,
    -0.6013574374870038,
    0.9929156870503361,
    0.09544178079766491,
    0.07077644302682633,
    0.478602262146082,
    -0.10158107407643006,
    0.8721359756701542,
    0.5090086526913067,
    0.2507527505468939,
    -0.8234277439936961,
    -0.9876109148373886,
    -0.14917167647046384,
    -0.04870823167645813,
    -0.6009044854546822,
    0.12565240986497514,
    -0.7893828420073291,
    -0.005266860988464996,
    0.6683747051003106,
    0.7438060995699088,
    0.6061713464431472,
    -0.7940271149652857,
    0.04557674243742031,
    0.5,
    -0.7797082033096578,
    -0.37690200011624403,
    0.5,
    0.7797082033096578,
    0.37690200011624403,
    0.09613235399153316,
    -0.1009503880418144,
    -0.9902361282392466,
    -0.37769777669139976,
    -0.803779539098203,
    -0.45965513377906914,
    0.10090448545468222,
    -0.905360613174633,
    0.4124808418910851,
    -0.4736472271850494,
    0.3038899150734176,
    0.8266252014647177,
    -0.02635277281495055,
    0.562135488711021,
    -0.8266252014647177,
    -0.4789606610807628,
    -0.663777763450616,
    0.5744525793184122,
    -0.9980462174481659,
    -0.05639039319189236,
    -0.02690485816859154,
    -0.4890375647568593,
    0.19436235735500154,
    -0.8503326021622877,
    -0.4943044257453243,
    0.8627370624553121,
    -0.10652650259237885,
    -0.9943044257453243,
    -0.0032883413291265365,
    -0.10652650259237885,
    -0.5851233458411441,
    0.28562152192706364,
    0.7589802476769292,
    0.407792341209192,
    0.38106330272472855,
    0.8297566907037556,
    -0.5798185736281967,
    0.23189162625426468,
    0.7810484590272975,
    1.7320508075688772
  ],
  "free_vars": [
    "x_3_0",
    "x_3_1",
    "x_3_2",
    "x_4_0",
    "x_4_1",
    "x_4_2",
    "x_5_0",
    "x_5_1",
    "x_5_2",
    "x_6_0",
    "x_6_1",
    "x_6_2",
    "x_7_0",
    "x_7_1",
    "x_7_2",
    "x_8_0",
    "x_8_1",
    "x_8_2",
    "x_9_0",
    "x_9_1",
    "x_9_2",
    "x_10_0",
    "x_10_1",
    "x_10_2",
    "x_11_0",
    "x_11_1",
    "x_11_2",
    "x_12_0",
    "x_12_1",
    "x_12_2",
    "x_13_0",
    "x_13_1",
    "x_13_2",
    "x_14_0",
    "x_14_1",
    "x_14_2",
    "x_15_0",
    "x_15_1",
    "x_15_2",
    "x_16_0",
    "x_16_1",
    "x_16_2",
    "x_17_0",
    "x_17_1",
    "x_17_2",
    "x_18_0",
    "x_18_1",
    "x_18_2",
    "x_19_0",
    "x_19_1",
    "x_19_2",
    "x_20_0",
    "x_20_1",
    "x_20_2",
    "x_21_0",
    "x_21_1",
    "x_21_2",
    "x_22_0",
    "x_22_1",
    "x_22_2",
    "x_23_0",
    "x_23_1",
    "x_23_2",
    "x_24_0",
    "x_24_1",
    "x_24_2",
    "x_25_0",
    "x_25_1",
    "x_25_2",
    "x_26_0",
    "x_26_1",
    "x_26_2",
    "x_27_0",
    "x_27_1",
    "x_27_2",
    "x_28_0",
    "x_28_1",
    "x_28_2",
    "x_29_0",
    "x_29_1",
    "x_29_2",
    "s"
  ],
  "K_box": [
    [
      -0.4038676519700428,
      -0.4038676400468908
    ],
    [
      0.6787578123367871,
      0.6787578181988998
    ],
    [
      -0.6133341328881965,
      -0.6133341233578086
    ],
    [
      -0.00531343814178584,
      -0.005313429649640866
    ],
    [
      -0.9676676795088809,
      -0.9676676775391864
    ],
    [
      -0.25217262532351675,
      -0.25217261896909415
    ],
    [
      0.40918107359234324,
      0.4091810862160171
    ],
    [
      0.2889098599888391,
      0.2889098665235411
    ],
    [
      0.8655067470378964,
      0.8655067535007197
    ],
    [
      -0.4738301333104813,
      -0.47383012805538444
    ],
    [
      -0.7028291535101455,
      -0.7028291486026316
    ],
    [
      0.5305809914821145,
      0.5305809974382403
    ],
    [
      -0.5190855585673835,
      -0.5190855541674226
    ],
    [
      0.6073873634722103,
      0.6073873770452368
    ],
    [
      -0.6013574437316388,
      -0.6013574312423686
    ],
    [
      0.9929156858609738,
      0.9929156882396982
    ],
    [
      0.09544177444273419,
      0.09544178715259562
    ],
    [
      0.07077643729906927,
      0.07077644875458337
    ],
    [
      0.47860225673420553,
      0.4786022675579583
    ],
    [
      -0.10158108153116278,
      -0.10158106662169733
    ],
    [
      0.8721359719680195,
      0.8721359793722889
    ],
    [
      0.5090086479979975,
      0.5090086573846158
    ],
    [
      0.2507527458988266,
      0.2507527551949611
    ],
    [
      -0.8234277471227713,
      -0.8234277408646208
    ],
    [
      -0.9876109166546417,
      -0.9876109130201355
    ],
    [
      -0.149171686083205,
      -0.14917166685772265
    ],
    [
      -0.04870823796097827,
      -0.04870822539193798
    ],
    [
      -0.6009044902148626,
      -0.6009044806945018
    ],
    [
      0.12565240373302813,
      0.12565241599692212
    ],
    [
      -0.7893828447978236,
      -0.7893828392168345
    ],
    [
      -0.0052668657629046265,
      -0.005266856214025366
    ],
    [
      0.6683747012358039,
      0.6683747089648171
    ],
    [
      0.7438060958459536,
      0.7438061032938639
    ],
    [
      0.6061713421175338,
      0.6061713507687606
    ],
    [
      -0.7940271181970596,
      -0.7940271117335117
    ],
    [
      0.04557673936410436,
      0.04557674551073625
    ],
    [
      0.49999999939999995,
      0.5000000005999999
    ],
    [
      -0.7797082065530149,
      -0.7797082000663008
    ],
    [
      -0.3769020060299088,
      -0.37690199420257914
    ],
    [
      0.49999999939999995,
      0.5000000005999999
    ],
    [
      0.7797082000663008,
      0.7797082065530149
    ],
    [
      0.37690199420257914,
      0.3769020060299088
    ],
    [
      0.09613234802995713,
      0.09613235995310918
    ],
    [
      -0.10095039324467542,
      -0.10095038283895336
    ],
    [
      -0.9902361294605795,
      -0.9902361270179136
    ],
    [
      -0.3776977826400499,
      -0.3776977707427495
    ],
    [
      -0.8037795437595858,
      -0.80377953443682
    ],
    [
      -0.45965513731674973,
      -0.45965513024138854
    ],
    [
      0.1009044800945018,
      0.10090449081486264
    ],
    [
      -0.9053606160793398,
      -0.9053606102699261
    ],
    [
      0.41248083665296026,
      0.41248084712920985
    ],
    [
      -0.47364723060846436,
      -0.4736472237616345
    ],
    [
      0.3038899127562376,
      0.3038899173905976
    ],
    [
      0.8266252001400267,
      0.8266252027894087
    ],
    [
      -0.026352776238365502,
      -0.026352769391535597
    ],
    [
      0.5621354864072216,
      0.5621354910148204
    ],
    [
      -0.8266252027894087,
      -0.8266252001400267
    ],
    [
      -0.4789606637245075,
      -0.478960658437018
    ],
    [
      -0.6637777657951067,
      -0.6637777611061253
    ],
    [
      0.5744525750901958,
      0.5744525835466286
    ],
    [
      -0.9980462182676761,
      -0.9980462166286557
    ],
    [
      -0.0563904000380289,
      -0.05639038634575582
    ],
    [
      -0.026904864567152215,
      -0.026904851770030862
    ],
    [
      -0.48903756980609975,
      -0.48903755970761875
    ],
    [
      0.19436235299244276,
      0.1943623617175603
    ],
    [
      -0.8503326059107695,
      -0.8503325984138057
    ],
    [
      -0.4943044267325307,
      -0.49430442475811776
    ],
    [
      0.8627370615510346,
      0.8627370633595896
    ],
    [
      -0.1065265089721523,
