{
  "schema_version": 1,
  "kind": "interval_witness",
  "name": "J_7",
  "graph": {
    "n": 28,
    "m": 42
  },
  "krawczyk": {
    "certified": true,
    "radius": 1e-05,
    "dps": 50,
    "F_residual_at_center": 2.6727647100921956e-51,
    "max_overshoot": 0.0,
    "n_free_vars": 118
  },
  "candidate_center": [
    -0.8445756561041208,
    0.4892866792209968,
    -0.2174638053865132,
    0.1585859164172918,
    -0.3354282418145632,
    0.9286217753785869,
    0.685989739686829,
    -0.15385843740643362,
    -0.7111579699920737,
    0.6554717494344066,
    0.24241139677927545,
    -0.7152576461701889,
    -0.21182078707593033,
    -0.9607140951562166,
    0.17933315792319438,
    -0.4436509623584763,
    0.7183026983769412,
    0.5359244882469946,
    -0.9489972914614101,
    -0.19195214278289768,
    0.2501170039800603,
    0.32884719387533956,
    -0.21822429498194182,
    -0.9188240746519157,
    0.6201500975860705,
    0.41017643776483953,
    0.6687070706718554,
    0.2375459983586818,
    -0.6178163858788237,
    0.7495830921274876,
    0.22882878708427717,
    0.9715408475359012,
    0.061202677807113984,
    -0.46637478544295896,
    -0.3537244616570775,
    -0.8107857699346016,
    -0.3099184232288268,
    -0.7570846260967219,
    -0.5751290636642741,
    -0.6675266610436112,
    0.5675554130875938,
    0.4819637018188595,
    0.977445084272438,
    0.1895292130091281,
    0.09316536184541459,
    0.2104736230012693,
    0.835155078758171,
    0.5081504191134283,
    -0.7588956674212073,
    -0.01126524876698895,
    -0.6511147826148154,
    0.5484220444199379,
    -0.823889829991182,
    0.1429643635013871,
    0.5,
    0.21412718190137195,
    0.8391361927428567,
    0.5,
    -0.21412718190137195,
    -0.8391361927428567,
    -0.3445756561041208,
    0.7034138611223687,
    0.6216723873563436,
    0.31089609333028584,
    0.9458252579016442,
    -0.09358525881384538,
    -0.6381011981311243,
    0.7538731151187466,
    0.1565317451662149,
    -0.40055519977244247,
    0.13605672923992285,
    0.9061148372937026,
    -0.7104736230012693,
    -0.621027896856799,
    0.33098577362942844,
    0.4493301140390382,
    0.8367711314850698,
    -0.3129161583089967,
    -0.9493301140390382,
    0.029254272299368937,
    0.3129161583089967,
    0.60791603045633,
    0.5013428896705066,
    0.6157056170695901,
    0.3960952433803997,
    -0.4593712054857101,
    0.7950387749927845,
    0.7249424372557393,
    -0.6775955004676519,
    -0.12378529965913124,
    0.9537712243400164,
    0.29394534706824926,
    -0.06258262185201727,
    0.28624456329640513,
    0.8615007601558431,
    0.4193810799668422,
    -0.4726511041248021,
    0.8502355113888541,
    -0.23173370264797313,
    -0.9726511041248022,
    -0.01578989239558455,
    -0.23173370264797313,
    -0.28666136443797313,
    -0.16964832980201816,
    -0.9428916726400468,
    -0.7303123267964494,
    0.548654368574923,
    -0.4069671843930523,
    -0.11016222921037887,
    0.9588308063397625,
    0.2617398862788032,
    -0.5765370146533378,
    0.605106344682685,
    -0.5490458836557984,
    0.40090806961910025,
    0.7946355576918132,
    -0.45588052181038385,
    1.7320508075688772
  ],
  "free_vars": [
    "x_3_0",
    "x_3_1",
    "x_3_2",
    "x_4_0",
    "x_4_1",
    "x_4_2",
    "x_5_0",
    "x_5_1",
    "x_5_2",
    "x_6_0",
    "x_6_1",
    "x_6_2",
    "x_7_0",
    "x_7_1",
    "x_7_2",
    "x_8_0",
    "x_8_1",
    "x_8_2",
    "x_9_0",
    "x_9_1",
    "x_9_2",
    "x_10_0",
    "x_10_1",
    "x_10_2",
    "x_11_0",
    "x_11_1",
    "x_11_2",
    "x_12_0",
    "x_12_1",
    "x_12_2",
    "x_13_0",
    "x_13_1",
    "x_13_2",
    "x_14_0",
    "x_14_1",
    "x_14_2",
    "x_15_0",
    "x_15_1",
    "x_15_2",
    "x_16_0",
    "x_16_1",
    "x_16_2",
    "x_17_0",
    "x_17_1",
    "x_17_2",
    "x_18_0",
    "x_18_1",
    "x_18_2",
    "x_19_0",
    "x_19_1",
    "x_19_2",
    "x_20_0",
    "x_20_1",
    "x_20_2",
    "x_21_0",
    "x_21_1",
    "x_21_2",
    "x_22_0",
    "x_22_1",
    "x_22_2",
    "x_23_0",
    "x_23_1",
    "x_23_2",
    "x_24_0",
    "x_24_1",
    "x_24_2",
    "x_25_0",
    "x_25_1",
    "x_25_2",
    "x_26_0",
    "x_26_1",
    "x_26_2",
    "x_27_0",
    "x_27_1",
    "x_27_2",
    "x_28_0",
    "x_28_1",
    "x_28_2",
    "x_29_0",
    "x_29_1",
    "x_29_2",
    "x_30_0",
    "x_30_1",
    "x_30_2",
    "x_31_0",
    "x_31_1",
    "x_31_2",
    "x_32_0",
    "x_32_1",
    "x_32_2",
    "x_33_0",
    "x_33_1",
    "x_33_2",
    "x_34_0",
    "x_34_1",
    "x_34_2",
    "x_35_0",
    "x_35_1",
    "x_35_2",
    "x_36_0",
    "x_36_1",
    "x_36_2",
    "x_37_0",
    "x_37_1",
    "x_37_2",
    "x_38_0",
    "x_38_1",
    "x_38_2",
    "x_39_0",
    "x_39_1",
    "x_39_2",
    "x_40_0",
    "x_40_1",
    "x_40_2",
    "x_41_0",
    "x_41_1",
    "x_41_2",
    "s"
  ],