{
  "schema_version": 1,
  "kind": "interval_witness",
  "name": "J_9",
  "graph": {
    "n": 36,
    "m": 54
  },
  "krawczyk": {
    "certified": true,
    "radius": 1e-05,
    "dps": 50,
    "F_residual_at_center": 2.6727647100921956e-51,
    "max_overshoot": 0.0,
    "n_free_vars": 154
  },
  "candidate_center": [
    -0.5501810641282531,
    0.629621889045469,
    0.5485226280742831,
    -0.42789795664457814,
    -0.5305857046897032,
    -0.7316981267423921,
    0.9780790207728312,
    -0.0990361843557658,
    0.1831754986681091,
    0.6325766814949876,
    -0.5588551579710868,
    -0.5362160520143916,
    0.3256984921789493,
    0.8314370930266803,
    0.4501475897210848,
    -0.9582751736739368,
    -0.2725819350555936,
    0.08606846229330675,
    -0.986106633865244,
    -0.15347442759125698,
    -0.06355554045473576,
    0.4969364575116841,
    0.3866627041000488,
    -0.7768823015449485,
    0.48917017635355997,
    -0.23318827650879187,
    0.8404378419996843,
    0.7303822058370705,
    -0.07419716904138339,
    -0.6789967698765728,
    -0.7677042050730863,
    -0.640509715504071,
    -0.01943084810281195,
    0.03732199923601588,
    0.7147068845454544,
    0.6984276179793847,
    -0.272149304903097,
    0.15423241796389903,
    0.9498142539937849,
    0.8172270091293727,
    0.44622881706801626,
    -0.36471887580373324,
    -0.5450777042262758,
    -0.6004612350319153,
    -0.5850953781900518,
    -0.8059153961166057,
    0.5916291656033899,
    -0.021801484115795532,
    -0.06202480614493683,
    -0.941790300361278,
    -0.3304299525891937,
    0.8679402022615424,
    0.3501611347578881,
    0.35223143670498924,
    0.9471327388990842,
    -0.08127833202203738,
    0.31037623563867556,
    -0.6468820729141208,
    0.5658487953571112,
    0.5112325542600316,
    -0.30025066598496336,
    -0.48457046333507386,
    -0.8216087898987071,
    -0.6957392272179425,
    -0.5076783859869933,
    -0.5081432712452479,
    0.9117575282388548,
    0.12649546190147734,
    -0.3907647730004659,
    -0.21601830102091238,
    0.38118292408551596,
    0.8989080442457138,
    0.5,
    -0.7437414881326119,
    0.44367623198711914,
    0.5,
    0.7437414881326119,
    -0.44367623198711914,
    -0.05018106412825302,
    -0.11411959908714288,
    0.9921988600614021,
    0.5823956173667345,
    -0.6729747570582297,
    0.4559828080470106,
    -0.40371101649850955,
    -0.8264491846494867,
    0.3924272675922748,
    0.326671189338561,
    -0.9006463536908701,
    -0.28656950228429795,
    0.05452188443546395,
    -0.746413935726971,
    0.663244751709487,
    -0.7513935116811417,
    -0.15478477012358116,
    0.6414432675936915,
    0.19573922721794249,
    -0.23606310214561854,
    0.9518195032323671,
    -0.5346810889352118,
    0.268651998562279,
    0.8012129784292996,
    0.03468108893521183,
    0.5973734052221596,
    -0.8012129784292996,
    -0.96257904557979,
    -0.2619337061274242,
    0.06951485168690748,
    -0.6368805534008407,
    0.5695033868992562,
    0.5196624414079923,
    -0.13994409588915663,
    0.956166090999305,
    -0.2572198601369562,
    -0.907648300962243,
    0.315656375495234,
    -0.2766507082397682,
    -0.09042129183287027,
    0.7618851925632503,
    -0.6413695840435014,
    -0.15244609797780712,
    -0.1799051077980277,
    -0.971799536632695,
    -0.799328170891928,
    0.38594368755908354,
    -0.4605669823726635,
    0.11242935734692693,
    0.5124391494605609,
    -0.8513317553731294,
    -0.38757064265307306,
    -0.35358625432387775,
    -0.8513317553731294,
    0.5905083781197581,
    -0.4526224386796436,
    -0.6681562567050203,
    -0.36776679555417874,
    -0.7252043737352372,
    -0.5820877944117137,
    0.12140338079938126,
    -0.958392650244029,
    0.25835004758797064,
    0.15872538003539713,
    -0.24368576569857464,
    0.9567776655673553,
    -0.38635232419087856,
    -0.8441470007304899,
    0.37168228737730363,
    0.4815878780706639,
    -0.4939858659726018,
    0.7239137240822928,
    0.18133721208570053,
    -0.9785563293076757,
    -0.09769506581641423,
    1.7320508075688772
  ],
  "free_vars": [
    "x_3_0",
    "x_3_1",
    "x_3_2",
    "x_4_0",
    "x_4_1",
    "x_4_2",
    "x_5_0",
    "x_5_1",
    "x_5_2",
    "x_6_0",
    "x_6_1",
    "x_6_2",
    "x_7_0",
    "x_7_1",
    "x_7_2",
    "x_8_0",
    "x_8_1",
    "x_8_2",
    "x_9_0",
    "x_9_1",
    "x_9_2",
    "x_10_0",
    "x_10_1",
    "x_10_2",
    "x_11_0",
    "x_11_1",
    "x_11_2",
    "x_12_0",
    "x_12_1",
    "x_12_2",
    "x_13_0",
    "x_13_1",
    "x_13_2",
    "x_14_0",
    "x_14_1",
    "x_14_2",
    "x_15_0",
    "x_15_1",
    "x_15_2",
    "x_16_0",
    "x_16_1",
    "x_16_2",
    "x_17_0",
    "x_17_1",
    "x_17_2",
    "x_18_0",
    "x_18_1",
    "x_18_2",
    "x_19_0",
    "x_19_1",
    "x_19_2",
    "x_20_0",
    "x_20_1",
    "x_20_2",
    "x_21_0",
    "x_21_1",
    "x_21_2",
    "x_22_0",
    "x_22_1",
    "x_22_2",
    "x_23_0",
    "x_23_1",
    "x_23_2",
    "x_24_0",
    "x_24_1",
    "x_24_2",
    "x_25_0",
    "x_25_1",
    "x_25_2",
    "x_26_0",
    "x_26_1",
    "x_26_2",
    "x_27_0",
    "x_27_1",
    "x_27_2",
    "x_28_0",
    "x_28_1",
    "x_28_2",
    "x_29_0",
    "x_29_1",
    "x_29_2",
    "x_30_0",
    "x_30_1",
    "x_30_2",
    "x_31_0",
    "x_31_1",
    "x_31_2",
    "x_32_0",
    "x_32_1",
    "x_32_2",
    "x_33_0",
    "x_33_1",
    "x_33_2",
    "x_34_0",
    "x_34_1",
    "x_34_2",
    "x_35_0",
    "x_35_1",
    "x_35_2",
    "x_36_0",
    "x_36_1",
    "x_36_2",
    "x_37_0",
    "x_37_1",
    "x_37_2",
    "x_38_0",
    "x_38_1",
    "x_38_2",
    "x_39_0",
    "x_39_1",
    "x_39_2",
    "x_40_0",
    "x_40_1",
    "x_40_2",
    "x_41_0",
    "x_41_1",
    "x_41_2",
    "x_42_0",
    "x_42_1",
    "x_42_2",
    "x_43_0",
    "x_43_1",
    "x_43_2",
    "x_44_0",
    "x_44_1",
    "x_44_2",
    "x_45_0",
    "x_45_1",
    "x_45_2",
    "x_46_0",
    "x_46_1",
    "x_46_2",
    "x_47_0",
    "x_47_1",
    "x_47_2",
    "x_48_0",
    "x_48_1",
    "x_48_2",
    "x_49_0",
    "x_49_1",
    "x_49_2",
    "x_50_0",
    "x_50_1",
    "x_50_2",
    "x_51_0",
    "x_51_1",
    "x_51_2",
    "x_52_0",
    "x_52_1",
    "x_52_2",
    "x_53_0",
    "x_53_1",
    "x_53_2",
    "s"
  ],