{
  "schema_version": 1,
  "kind": "interval_witness",
  "name": "K_4",
  "graph": {
    "n": 4,
    "m": 6
  },
  "krawczyk": {
    "certified": true,
    "radius": 1e-05,
    "dps": 50,
    "F_residual_at_center": 0.0,
    "max_overshoot": 0.0,
    "n_free_vars": 10
  },
  "candidate_center": [
    0.5,
    -0.28867513459481287,
    0.816496580927726,
    0.5,
    0.28867513459481287,
    -0.816496580927726,
    -1.448908652612274e-70,
    0.5773502691896257,
    0.816496580927726,
    1.7320508075688772
  ],
  "free_vars": [
    "x_3_0",
    "x_3_1",
    "x_3_2",
    "x_4_0",
    "x_4_1",
    "x_4_2",
    "x_5_0",
    "x_5_1",
    "x_5_2",
    "s"
  ],
  "K_box": [
    [
      0.49999999939999995,
      0.5000000005999999
    ],
    [
      -0.28867513530687816,
      -0.2886751338827475
    ],
    [
      0.8164965805534984,
      0.8164965813019536
    ],
    [
      0.49999999939999995,
      0.5000000005999999
    ],
    [
      0.2886751338827475,
      0.28867513530687816
    ],
    [
      -0.8164965813019536,
      -0.8164965805534984
    ],
    [
      -6e-10,
      6e-10
    ],
    [
      0.5773502684871828,
      0.5773502698920685
    ],
    [
      0.8164965805534984,
      0.8164965813019536
    ],
    [
      1.7320508075111423,
      1.7320508076266121
    ]
  ]
}