{
  "schema_version": 1,
  "kind": "interval_witness",
  "name": "Petersen",
  "graph": {
    "n": 10,
    "m": 15
  },
  "krawczyk": {
    "certified": true,
    "radius": 1e-05,
    "dps": 50,
    "F_residual_at_center": 2.6727647100921956e-51,
    "max_overshoot": 0.0,
    "n_free_vars": 37
  },
  "candidate_center": [
    0.5,
    -0.6454972243679028,
    0.5773502691896257,
    0.5,
    0.6454972243679028,
    -0.5773502691896257,
    -0.08541019662496846,
    0.049311600012964404,
    0.9951248486580192,
    0.5854101966249684,
    -0.6948088243808672,
    -0.41777457946839347,
    0.8090169943749475,
    -0.11026408970826791,
    0.5773502691896257,
    -0.8944271909999159,
    0.15957568972123232,
    0.41777457946839347,
    0.30901699437494745,
    0.7557613140761708,
    0.5773502691896257,
    -0.5854101966249684,
    -0.23936353458184847,
    0.7745966692414834,
    0.08541019662496846,
    -0.6266618692025901,
    -0.7745966692414834,
    0.8090169943749475,
    0.46708617948135783,
    0.35682208977308993,
    -0.30901699437494745,
    0.17841104488654497,
    -0.9341723589627157,
    1.284763585890813e-52,
    -0.9341723589627157,
    0.35682208977308993,
    1.7320508075688772
  ],
  "free_vars": [
    "x_3_0",
    "x_3_1",
    "x_3_2",
    "x_4_0",
    "x_4_1",
    "x_4_2",
    "x_5_0",
    "x_5_1",
    "x_5_2",
    "x_6_0",
    "x_6_1",
    "x_6_2",
    "x_7_0",
    "x_7_1",
    "x_7_2",
    "x_8_0",
    "x_8_1",
    "x_8_2",
    "x_9_0",
    "x_9_1",
    "x_9_2",
    "x_10_0",
    "x_10_1",
    "x_10_2",
    "x_11_0",
    "x_11_1",
    "x_11_2",
    "x_12_0",
    "x_12_1",
    "x_12_2",
    "x_13_0",
    "x_13_1",
    "x_13_2",
    "x_14_0",
    "x_14_1",
    "x_14_2",
    "s"
  ],
  "K_box": [
    [
      0.49999999939999995,
      0.5000000005999999
    ],
    [
      -0.6454972258509243,
      -0.6454972228848812
    ],
    [
      0.5773502677047623,
      0.5773502706744891
    ],
    [
      0.49999999939999995,
      0.5000000005999999
    ],
    [
      0.6454972228848812,
      0.6454972258509243
    ],
    [
      -0.5773502706744891,
      -0.5773502677047623
    ],
    [
      -0.08541019846697653,
      -0.08541019478296036
    ],
    [
      0.04931159810444999,
      0.049311601921478806
    ],
    [
      0.9951248481769397,
      0.9951248491390986
    ],
    [
      0.58541019494079,
      0.5854101983091468
    ],
    [
      -0.694808825714035,
      -0.6948088230476993
    ],
    [
      -0.41777458121476196,
      -0.41777457772202486
    ],
    [
      0.8090169930824996,
      0.809016995667395
    ],
    [
      -0.11026409088308073,
      -0.1102640885334551
    ],
    [
      0.5773502676990993,
      0.5773502706801522
    ],
    [
      -0.8944271920264181,
      -0.8944271899734135
    ],
    [
      0.15957568793090293,
      0.15957569151156167
    ],
    [
      0.4177745777157699,
      0.4177745812210169
    ],
    [
      0.3090169930824997,
      0.3090169956673951
    ],
    [
      0.7557613129302254,
      0.755761315222116
    ],
    [
      0.5773502676990993,
      0.5773502706801522
    ],
    [
      -0.5854101982508109,
      -0.5854101949991259
    ],
    [
      -0.23936353588539833,
      -0.2393635332782986
    ],
    [
      0.7745966681770347,
      0.7745966703059319
    ],
    [
      0.08541019499912599,
      0.0854101982508109
    ],
    [
      -0.6266618704956597,
      -0.6266618679095206
    ],
    [
      -0.7745966703059319,
      -0.7745966681770347
    ],
    [
      0.809016993202221,
      0.8090169955476737
    ],
    [
      0.46708617789074763,
      0.46708618107196803
    ],
    [
      0.35682208838917495,
      0.35682209115700486
    ],
    [
      -0.30901699604891986,
      -0.30901699270097494
    ],
    [
      0.17841104324940935,
      0.17841104652368056
    ],
    [
      -0.9341723599670854,
      -0.9341723579583459
    ],
    [
      -1.6760254915624214e-09,
      1.6760254915624214e-09
    ],
    [
      -0.9341723597524434,
      -0.9341723581729878
    ],
    [
      0.3568220883800904,
      0.35682209116608943
    ],
    [
      1.7320508075111423,
      1.7320508076266121
    ]
  ]
}